1,две,два,NUM,_,Case=Nom|Gender=Fem,_,_,_,@yad1986m-words#@yad1986m#2311.34#2311.586
2,тысячи,тысяча,NUM,_,Case=Gen|Gender=Fem|Number=Sing,_,_,_,@yad1986m-words#@yad1986m#2311.586#2311.832
3,тринадцатый,тринадцатый,NUM,_,Case=Nom|Gender=Masc|Number=Sing,_,_,_,@yad1986m-words#@yad1986m#2311.832#2312.078
4,год,год,NOUN,_,Animacy=Inan|Case=Nom|Gender=Masc|Number=Sing,_,_,_,@yad1986m-words#@yad1986m#2312.078#2312.324
5,/,/,PUNCT,_,_,_,_,_,@yad1986m-words#@yad1986m#2312.324#2312.57
6,мм,ммм,INTJ,_,_,_,_,_,@yad1986m-words#@yad1986m#2312.57#2312.816
7,#цокает#,#цокает#,X,_,_,_,_,_,@yad1986m-words#@yad1986m#2312.816#2313.062
8,/,/,PUNCT,_,_,_,_,_,@yad1986m-words#@yad1986m#2313.062#2313.308
9,вы,вы,PRON,_,Case=Nom|Number=Plur|Person=2,_,_,_,@yad1986m-words#@yad1986m#2313.308#2313.554
10,сняли,снять,VERB,_,Aspect=Perf|Mood=Ind|Number=Plur|Tense=Past|VerbForm=Fin|Voice=Act,_,_,_,@yad1986m-words#@yad1986m#2313.554#2313.8
11,фильм,фильм,NOUN,_,Animacy=Inan|Case=Acc|Gender=Masc|Number=Sing,_,_,_,@yad1986m-words#@yad1986m#2313.8#2314.046
12,/,/,PUNCT,_,_,_,_,_,@yad1986m-words#@yad1986m#2314.046#2314.292
13,ээ,эээ,INTJ,_,_,_,_,_,@yad1986m-words#@yad1986m#2314.292#2314.538
14,/,/,PUNCT,_,_,_,_,_,@yad1986m-words#@yad1986m#2314.538#2314.784
15,про,про,ADP,_,_,_,_,_,@yad1986m-words#@yad1986m#2314.784#2315.03
16,Германию,Германия,PROPN,_,Animacy=Inan|Case=Acc|Gender=Fem|Number=Sing,_,_,_,@yad1986m-words#@yad1986m#2315.03#2315.29
17,вместе,вместе,ADV,_,_,_,_,_,@yad1986m-words#@yad1986m#2315.31#2315.525
18,с,с,ADP,_,_,_,_,_,@yad1986m-words#@yad1986m#2315.525#2315.74
19,Иваном,Иван,PROPN,_,Animacy=Anim|Case=Ins|Gender=Masc|Number=Sing,_,_,_,@yad1986m-words#@yad1986m#2315.74#2316.07
20,ээ,эээ,INTJ,_,_,_,_,_,@yad1986m-words#@yad1986m#2316.07#2316.4
21,вместе,вместе,ADV,_,_,_,_,_,@yad1986m-words#@yad1986m#2316.44#2316.73
22,с,с,ADP,_,_,_,_,_,@yad1986m-words#@yad1986m#2316.73#2317.02
23,Иваном,Иван,PROPN,_,Animacy=Anim|Case=Ins|Gender=Masc|Number=Sing,_,_,_,@yad1986m-words#@yad1986m#2317.02#2317.31
24,Ургантом,Ургант,PROPN,_,Animacy=Anim|Case=Ins|Gender=Masc|Number=Sing,_,_,_,@yad1986m-words#@yad1986m#2317.31#2317.6
25,согласны,согласный,ADJ,_,Degree=Pos|Number=Plur|Variant=Short,_,_,_,@yad1986m-words#@yad1986m#2318.33#2318.603
26,ли,ли,PART,_,_,_,_,_,@yad1986m-words#@yad1986m#2318.603#2318.876
27,вы,вы,PRON,_,Case=Nom|Number=Plur|Person=2,_,_,_,@yad1986m-words#@yad1986m#2318.876#2319.149
28,с,с,ADP,_,_,_,_,_,@yad1986m-words#@yad1986m#2319.149#2319.422
29,тем,то,PRON,_,Case=Ins|Gender=Neut|Number=Sing,_,_,_,@yad1986m-words#@yad1986m#2319.422#2319.695
30,/,/,PUNCT,_,_,_,_,_,@yad1986m-words#@yad1986m#2319.695#2319.968
31,что,что,SCONJ,_,_,_,_,_,@yad1986m-words#@yad1986m#2319.968#2320.241
32,/,/,PUNCT,_,_,_,_,_,@yad1986m-words#@yad1986m#2320.241#2320.514
33,ваша,ваш,DET,_,Case=Nom|Gender=Fem|Number=Sing,_,_,_,@yad1986m-words#@yad1986m#2320.514#2320.787
34,работа,работа,NOUN,_,Animacy=Inan|Case=Nom|Gender=Fem|Number=Sing,_,_,_,@yad1986m-words#@yad1986m#2320.787#2321.06
35,там,там,ADV,_,_,_,_,_,@yad1986m-words#@yad1986m#2321.06#2321.333
36,как,как,SCONJ,_,_,_,_,_,@yad1986m-words#@yad1986m#2321.333#2321.606
37,ведущего,ведущий,VERB,_,Aspect=Imp|Case=Gen|Gender=Masc|Number=Sing|Tense=Pres|VerbForm=Part|Voice=Act,_,_,_,@yad1986m-words#@yad1986m#2321.606#2321.89
38,это,это,PART,_,_,_,_,_,@yad1986m-words#@yad1986m#2322.55#2322.803
39,провал,провал,NOUN,_,Animacy=Inan|Case=Nom|Gender=Masc|Number=Sing,_,_,_,@yad1986m-words#@yad1986m#2322.803#2323.056
40,?,?,PUNCT,_,_,_,_,_,@yad1986m-words#@yad1986m#2323.056#2323.31
41,тогда,тогда,ADV,_,_,_,_,_,@yad1986m-words#@yad1986m#2327.74#2328.03
42,давайте,давать,VERB,_,Aspect=Imp|Mood=Imp|Number=Plur|Person=2|VerbForm=Fin|Voice=Act,_,_,_,@yad1986m-words#@yad1986m#2328.03#2328.32
43,я,я,PRON,_,Case=Nom|Number=Sing|Person=1,_,_,_,@yad1986m-words#@yad1986m#2328.32#2328.61
44,объясню,объяснить,VERB,_,Aspect=Perf|Mood=Ind|Number=Sing|Person=1|Tense=Fut|VerbForm=Fin|Voice=Act,_,_,_,@yad1986m-words#@yad1986m#2328.61#2328.9
45,смотрите,смотреть,VERB,_,Aspect=Imp|Mood=Imp|Number=Plur|Person=2|VerbForm=Fin|Voice=Act,_,_,_,@yad1986m-words#@yad1986m#2330.0#2330.336
46,/,/,PUNCT,_,_,_,_,_,@yad1986m-words#@yad1986m#2330.336#2330.672
47,я,я,PRON,_,Case=Nom|Number=Sing|Person=1,_,_,_,@yad1986m-words#@yad1986m#2330.672#2331.008
48,привык,привыкнуть,VERB,_,Aspect=Perf|Gender=Masc|Mood=Ind|Number=Sing|Tense=Past|VerbForm=Fin|Voice=Act,_,_,_,@yad1986m-words#@yad1986m#2331.008#2331.344
49,к,к,ADP,_,_,_,_,_,@yad1986m-words#@yad1986m#2331.344#2331.68
50,Познеру,Познер,PROPN,_,Animacy=Anim|Case=Dat|Gender=Masc|Number=Sing,_,_,_,@yad1986m-words#@yad1986m#2331.68#2332.016
51,/,/,PUNCT,_,_,_,_,_,@yad1986m-words#@yad1986m#2332.016#2332.352
52,как,как,SCONJ,_,_,_,_,_,@yad1986m-words#@yad1986m#2332.352#2332.688
53,/,/,PUNCT,_,_,_,_,_,@yad1986m-words#@yad1986m#2332.688#2333.024
54,понятно,понятнo,ADV,_,Degree=Pos|Gender=Neut|Number=Sing,_,_,_,@yad1986m-words#@yad1986m#2333.024#2333.36
55,/,/,PUNCT,_,_,_,_,_,@yad1986m-words#@yad1986m#2333.36#2333.696
56,что,что,SCONJ,_,_,_,_,_,@yad1986m-words#@yad1986m#2333.696#2334.032
57,не,не,PART,_,Polarity=Neg,_,_,_,@yad1986m-words#@yad1986m#2334.032#2334.368
58,бывает,бывать,VERB,_,Aspect=Imp|Mood=Ind|Number=Sing|Person=3|Tense=Pres|VerbForm=Fin|Voice=Act,_,_,_,@yad1986m-words#@yad1986m#2334.368#2334.704
59,полностью,полностью,ADV,_,_,_,_,_,@yad1986m-words#@yad1986m#2334.704#2335.04
60,объективный,объективный,ADJ,_,Case=Nom|Degree=Pos|Gender=Masc|Number=Sing,_,_,_,@yad1986m-words#@yad1986m#2335.04#2335.376
61,людей,человек,NOUN,_,Animacy=Anim|Case=Gen|Gender=Masc|Number=Plur,_,_,_,@yad1986m-words#@yad1986m#2335.376#2335.72
62,и,и,CCONJ,_,_,_,_,_,@yad1986m-words#@yad1986m#2335.74#2336.039
63,вообще,вообще,PART,_,_,_,_,_,@yad1986m-words#@yad1986m#2336.039#2336.338
64,/,/,PUNCT,_,_,_,_,_,@yad1986m-words#@yad1986m#2336.338#2336.637
65,объективность,объективность,NOUN,_,Animacy=Inan|Case=Nom|Gender=Fem|Number=Sing,_,_,_,@yad1986m-words#@yad1986m#2336.637#2336.936
66,/,/,PUNCT,_,_,_,_,_,@yad1986m-words#@yad1986m#2336.936#2337.235
67,это,это,PART,_,_,_,_,_,@yad1986m-words#@yad1986m#2337.235#2337.534
68,скучно,скучно,ADV,_,Degree=Pos|Gender=Neut|Number=Sing,_,_,_,@yad1986m-words#@yad1986m#2337.534#2337.833
69,/,/,PUNCT,_,_,_,_,_,@yad1986m-words#@yad1986m#2337.833#2338.132
70,во,в,ADP,_,_,_,_,_,@yad1986m-words#@yad1986m#2338.132#2338.431
71,многих,много,NUM,_,Case=Loc|Number=Plur,_,_,_,@yad1986m-words#@yad1986m#2338.431#2338.73
72,вещах,вещь,NOUN,_,Animacy=Inan|Case=Loc|Gender=Fem|Number=Plur,_,_,_,@yad1986m-words#@yad1986m#2338.73#2339.03
73,ну,ну,PART,_,_,_,_,_,@yad1986m-words#@yad1986m#2339.59#2339.802
74,/,/,PUNCT,_,_,_,_,_,@yad1986m-words#@yad1986m#2339.802#2340.014
75,надо,надо,PRED,_,_,_,_,_,@yad1986m-words#@yad1986m#2340.014#2340.226
76,быть,быть,AUX,_,Aspect=Imp|VerbForm=Inf|Voice=Act,_,_,_,@yad1986m-words#@yad1986m#2340.226#2340.438
77,объективным,объективный,ADJ,_,Case=Ins|Degree=Pos|Gender=Masc|Number=Sing,_,_,_,@yad1986m-words#@yad1986m#2340.438#2340.65
78,/,/,PUNCT,_,_,_,_,_,@yad1986m-words#@yad1986m#2340.65#2340.862
79,но,но,CCONJ,_,_,_,_,_,@yad1986m-words#@yad1986m#2340.862#2341.074
80,тем,то,PRON,_,Case=Ins|Gender=Neut|Number=Sing,_,_,_,@yad1986m-words#@yad1986m#2341.074#2341.286
81,не,не,PART,_,Polarity=Neg,_,_,_,@yad1986m-words#@yad1986m#2341.286#2341.498
82,менее,менее,ADV,_,Degree=Cmp,_,_,_,@yad1986m-words#@yad1986m#2341.498#2341.71
83,/,/,PUNCT,_,_,_,_,_,@yad1986m-words#@yad1986m#2341.71#2341.922
84,[нрзб],"X
",X,_,_,_,_,_,@yad1986m-words#@yad1986m#2341.922#2342.134
85,/,/,PUNCT,_,_,_,_,_,@yad1986m-words#@yad1986m#2342.134#2342.346
86,не…,не…,"X
",_,_,_,_,_,@yad1986m-words#@yad1986m#2342.346#2342.558
87,/,/,PUNCT,_,_,_,_,_,@yad1986m-words#@yad1986m#2342.558#2342.77
88,всегда,всегда,ADV,_,_,_,_,_,@yad1986m-words#@yad1986m#2342.77#2342.982
89,есть,быть,VERB,_,Aspect=Imp|Mood=Ind|Number=Sing|Person=3|Tense=Pres|VerbForm=Fin|Voice=Act,_,_,_,@yad1986m-words#@yad1986m#2342.982#2343.194
90,риск,риск,NOUN,_,Animacy=Inan|Case=Nom|Gender=Masc|Number=Sing,_,_,_,@yad1986m-words#@yad1986m#2343.194#2343.406
91,/,/,PUNCT,_,_,_,_,_,@yad1986m-words#@yad1986m#2343.406#2343.618
92,что,что,SCONJ,_,_,_,_,_,@yad1986m-words#@yad1986m#2343.618#2343.83
93,ты,ты,PRON,_,Case=Nom|Number=Sing|Person=2,_,_,_,@yad1986m-words#@yad1986m#2343.83#2344.042
94,в,в,ADP,_,_,_,_,_,@yad1986m-words#@yad1986m#2344.042#2344.254
95,сухость,сухость,NOUN,_,Animacy=Inan|Case=Acc|Gender=Fem|Number=Sing,_,_,_,@yad1986m-words#@yad1986m#2344.254#2344.466
96,перейдешь,перейти,VERB,_,Aspect=Perf|Mood=Ind|Number=Sing|Person=2|Tense=Fut|VerbForm=Fin|Voice=Act,_,_,_,@yad1986m-words#@yad1986m#2344.466#2344.7
97,в,в,ADP,_,_,_,_,_,@yad1986m-words#@yad1986m#2344.7#2345.0
98,сухость,сухость,NOUN,_,Animacy=Inan|Case=Acc|Gender=Fem|Number=Sing,_,_,_,@yad1986m-words#@yad1986m#2345.0#2345.3
99,/,/,PUNCT,_,_,_,_,_,@yad1986m-words#@yad1986m#2345.3#2345.6
100,которая,который,PRON,_,Case=Nom|Gender=Fem|Number=Sing,_,_,_,@yad1986m-words#@yad1986m#2345.6#2345.9
101,погубит,губить,VERB,_,Aspect=Perf|Mood=Ind|Number=Sing|Person=3|Tense=Fut|VerbForm=Fin|Voice=Act,_,_,_,@yad1986m-words#@yad1986m#2345.9#2346.2
102,особенно,особенно,ADV,_,Degree=Pos,_,_,_,@yad1986m-words#@yad1986m#2346.2#2346.5
103,такой,такой,DET,_,Case=Nom|Gender=Masc|Number=Sing,_,_,_,@yad1986m-words#@yad1986m#2346.5#2346.8
104,инфотеймотовый,инфотеймотовый,ADJ,_,Case=Nom|Degree=Pos|Gender=Masc|Number=Sing,_,_,_,@yad1986m-words#@yad1986m#2346.8#2347.1
105,формат,формат,NOUN,_,Animacy=Inan|Case=Acc|Gender=Masc|Number=Sing,_,_,_,@yad1986m-words#@yad1986m#2347.1#2347.4
106,/,/,PUNCT,_,_,_,_,_,@yad1986m-words#@yad1986m#2347.4#2347.7
107,как,как,SCONJ,_,_,_,_,_,@yad1986m-words#@yad1986m#2347.7#2348.0
108,вы,вы,PRON,_,Case=Nom|Number=Plur|Person=2,_,_,_,@yad1986m-words#@yad1986m#2348.0#2348.3
109,с,с,ADP,_,_,_,_,_,@yad1986m-words#@yad1986m#2348.3#2348.6
110,Ваней,Ваня,ADV,_,Degree=Cmp,_,_,_,@yad1986m-words#@yad1986m#2348.6#2348.9
111,выбрали,выбрать,VERB,_,Aspect=Perf|Mood=Ind|Number=Plur|Tense=Past|VerbForm=Fin|Voice=Act,_,_,_,@yad1986m-words#@yad1986m#2348.9#2349.2
112,/,/,PUNCT,_,_,_,_,_,@yad1986m-words#@yad1986m#2349.2#2349.5
113,в,в,ADP,_,_,_,_,_,@yad1986m-words#@yad1986m#2349.5#2349.8
114,этих,этот,DET,_,Case=Loc|Number=Plur,_,_,_,@yad1986m-words#@yad1986m#2349.8#2350.1
115,road,"road
",X,_,"Foreign=Yes
",_,_,_,@yad1986m-words#@yad1986m#2350.1#2350.4
116,movies,"movies
",X,_,Foreign=Yes,_,_,_,@yad1986m-words#@yad1986m#2350.4#2350.71
117,но,но,CCONJ,_,_,_,_,_,@yad1986m-words#@yad1986m#2351.56#2351.966
118,/,/,PUNCT,_,_,_,_,_,@yad1986m-words#@yad1986m#2351.966#2352.372
119,тут,тут,ADV,_,_,_,_,_,@yad1986m-words#@yad1986m#2352.372#2352.778
120,я,я,PRON,_,Case=Nom|Number=Sing|Person=1,_,_,_,@yad1986m-words#@yad1986m#2352.778#2353.184
121,увидел,увидеть,VERB,_,Aspect=Perf|Gender=Masc|Mood=Ind|Number=Sing|Tense=Past|VerbForm=Fin|Voice=Act,_,_,_,@yad1986m-words#@yad1986m#2353.184#2353.59
122,человека,человек,NOUN,_,Animacy=Anim|Case=Acc|Gender=Masc|Number=Sing,_,_,_,@yad1986m-words#@yad1986m#2353.59#2353.996
123,/,/,PUNCT,_,_,_,_,_,@yad1986m-words#@yad1986m#2353.996#2354.402
124,вместо,вместо,ADP,_,_,_,_,_,@yad1986m-words#@yad1986m#2354.402#2354.808
125,объективного,объективный,ADJ,_,Case=Gen|Degree=Pos|Gender=Neut|Number=Sing,_,_,_,@yad1986m-words#@yad1986m#2354.808#2355.22
126,извините,извинить,INTJ,_,_,_,_,_,@yad1986m-words#@yad1986m#2355.53#2355.968
127,за,за,ADP,_,_,_,_,_,@yad1986m-words#@yad1986m#2355.968#2356.406
128,патетику,патетика,NOUN,_,Animacy=Inan|Case=Acc|Gender=Fem|Number=Sing,_,_,_,@yad1986m-words#@yad1986m#2356.406#2356.844
129,/,/,PUNCT,_,_,_,_,_,@yad1986m-words#@yad1986m#2356.844#2357.282
130,мудрого,мудрый,ADJ,_,Case=Acc|Degree=Pos|Gender=Masc|Number=Sing,_,_,_,@yad1986m-words#@yad1986m#2357.282#2357.72
131,человека,человек,NOUN,_,Animacy=Anim|Case=Acc|Gender=Masc|Number=Sing,_,_,_,@yad1986m-words#@yad1986m#2358.5#2359.24
132,я,я,PRON,_,Case=Nom|Number=Sing|Person=1,_,_,_,@yad1986m-words#@yad1986m#2359.83#2360.169
133,увидел,видеть,VERB,_,Aspect=Perf|Gender=Masc|Mood=Ind|Number=Sing|Tense=Past|VerbForm=Fin|Voice=Act,_,_,_,@yad1986m-words#@yad1986m#2360.169#2360.508
134,человека,человек,NOUN,_,Animacy=Anim|Case=Acc|Gender=Masc|Number=Sing,_,_,_,@yad1986m-words#@yad1986m#2360.508#2360.847
135,/,/,PUNCT,_,_,_,_,_,@yad1986m-words#@yad1986m#2360.847#2361.186
136,который,который,PRON,_,Case=Nom|Gender=Masc|Number=Sing,_,_,_,@yad1986m-words#@yad1986m#2361.186#2361.525
137,на,на,ADP,_,_,_,_,_,@yad1986m-words#@yad1986m#2361.525#2361.864
138,протяжении,протяжение,NOUN,_,Animacy=Inan|Case=Loc|Gender=Neut|Number=Sing,_,_,_,@yad1986m-words#@yad1986m#2361.864#2362.203
139,двух,два,NUM,_,Case=Gen,_,_,_,@yad1986m-words#@yad1986m#2362.203#2362.542
140,серий,серия,NOUN,_,Animacy=Inan|Case=Gen|Gender=Fem|Number=Plur,_,_,_,@yad1986m-words#@yad1986m#2362.542#2362.881
141,/,/,PUNCT,_,_,_,_,_,@yad1986m-words#@yad1986m#2362.881#2363.22
142,затыкает,затыкать,VERB,_,Aspect=Imp|Mood=Ind|Number=Sing|Person=3|Tense=Pres|VerbForm=Fin|Voice=Act,_,_,_,@yad1986m-words#@yad1986m#2363.22#2363.56
143,себе,себя,PRON,_,Case=Dat,_,_,_,@yad1986m-words#@yad1986m#2363.56#2363.945
144,просто,просто,PART,_,_,_,_,_,@yad1986m-words#@yad1986m#2363.945#2364.33
145,а,а,CCONJ,_,_,_,_,_,@yad1986m-words#@yad1986m#2368.2#2368.37
146,/,/,PUNCT,_,_,_,_,_,@yad1986m-words#@yad1986m#2368.37#2368.54
147,на,на,ADP,_,_,_,_,_,@yad1986m-words#@yad1986m#2368.54#2368.71
148,протяж…,протяжении.,"NOUN
",_,Animacy=Inan|Case=Loc|Gender=Neut|Number=Sing,_,_,_,@yad1986m-words#@yad1986m#2368.71#2368.88
149,[нрзб],"X
",X,_,_,_,_,_,@yad1986m-words#@yad1986m#2368.88#2369.05
150,/,/,PUNCT,_,_,_,_,_,@yad1986m-words#@yad1986m#2369.05#2369.22
151,окей,окей,INTJ,_,_,_,_,_,@yad1986m-words#@yad1986m#2369.22#2369.39
152,/,/,PUNCT,_,_,_,_,_,@yad1986m-words#@yad1986m#2369.39#2369.56
153,я,я,PRON,_,Case=Nom|Number=Sing|Person=1,_,_,_,@yad1986m-words#@yad1986m#2369.56#2369.73
154,просто,просто,PART,_,_,_,_,_,@yad1986m-words#@yad1986m#2369.73#2369.9
155,смотрел,смотреть,VERB,_,Aspect=Imp|Gender=Masc|Mood=Ind|Number=Sing|Tense=Past|VerbForm=Fin|Voice=Act,_,_,_,@yad1986m-words#@yad1986m#2369.9#2370.07
156,смонтами,смонт,NOUN,_,Animacy=Inan|Case=Ins|Gender=Masc|Number=Plur,_,_,_,@yad1986m-words#@yad1986m#2370.07#2370.25
157,большими,большой,ADJ,_,Case=Ins|Degree=Pos|Number=Plur,_,_,_,@yad1986m-words#@yad1986m#2370.25#2370.623
158,по,по,ADP,_,_,_,_,_,@yad1986m-words#@yad1986m#2370.623#2370.996
159,несколько,несколько,NUM,_,Case=Acc,_,_,_,@yad1986m-words#@yad1986m#2370.996#2371.369
160,часов,час,NOUN,_,Animacy=Inan|Case=Gen|Gender=Masc|Number=Plur,_,_,_,@yad1986m-words#@yad1986m#2371.369#2371.742
161,/,/,PUNCT,_,_,_,_,_,@yad1986m-words#@yad1986m#2371.742#2372.115
162,вот,вот,PART,_,_,_,_,_,@yad1986m-words#@yad1986m#2372.115#2372.49
163,извините,извините,INTJ,_,_,_,_,_,@yad1986m-words#@yad1986m#2372.77#2373.055
164,/,/,PUNCT,_,_,_,_,_,@yad1986m-words#@yad1986m#2373.055#2373.34
165,это,это,PRON,_,_,_,_,_,@yad1986m-words#@yad1986m#2373.34#2373.625
166,п...,п...,"X
",_,_,_,_,_,@yad1986m-words#@yad1986m#2373.625#2373.91
167,пираткой,пиратка,NOUN,_,Animacy=Inan|Case=Ins|Gender=Fem|Number=Sing,_,_,_,@yad1986m-words#@yad1986m#2373.91#2374.195
168,скачано,скачать,VERB,_,Aspect=Perf|Gender=Neut|Number=Sing|Tense=Past|Variant=Short|VerbForm=Part|Voice=Pass,_,_,_,@yad1986m-words#@yad1986m#2374.195#2374.48
169,было,быть,AUX,_,Aspect=Imp|Gender=Neut|Mood=Ind|Number=Sing|Tense=Past|VerbForm=Fin|Voice=Act,_,_,_,@yad1986m-words#@yad1986m#2374.48#2374.77
170,поэтому,поэтому,ADV,_,_,_,_,_,@yad1986m-words#@yad1986m#2374.77#2375.52
171,поэтому,поэтому,ADV,_,_,_,_,_,@yad1986m-words#@yad1986m#2375.52#2375.95
172,/,/,PUNCT,_,_,_,_,_,@yad1986m-words#@yad1986m#2375.95#2376.38
173,многочасовые,многочасовой,ADJ,_,Case=Nom|Degree=Pos|Number=Plur,_,_,_,@yad1986m-words#@yad1986m#2376.38#2376.81
174,вот,вот,PART,_,_,_,_,_,@yad1986m-words#@yad1986m#2376.84#2377.063
175,/,/,PUNCT,_,_,_,_,_,@yad1986m-words#@yad1986m#2377.063#2377.286
176,тем,то,PRON,_,Case=Ins|Gender=Neut|Number=Sing,_,_,_,@yad1986m-words#@yad1986m#2377.286#2377.509
177,не,не,PART,_,Polarity=Neg,_,_,_,@yad1986m-words#@yad1986m#2377.509#2377.732
178,менее,менее,ADV,_,Degree=Cmp,_,_,_,@yad1986m-words#@yad1986m#2377.732#2377.955
179,/,/,PUNCT,_,_,_,_,_,@yad1986m-words#@yad1986m#2377.955#2378.178
180,я,я,PRON,_,Case=Nom|Number=Sing|Person=1,_,_,_,@yad1986m-words#@yad1986m#2378.178#2378.401
181,увидел,видеть,VERB,_,Aspect=Perf|Gender=Masc|Mood=Ind|Number=Sing|Tense=Past|VerbForm=Fin|Voice=Act,_,_,_,@yad1986m-words#@yad1986m#2378.401#2378.624
182,человека,человек,NOUN,_,Animacy=Anim|Case=Acc|Gender=Masc|Number=Sing,_,_,_,@yad1986m-words#@yad1986m#2378.624#2378.847
183,/,/,PUNCT,_,_,_,_,_,@yad1986m-words#@yad1986m#2378.847#2379.07
184,который,который,PRON,_,Case=Nom|Gender=Masc|Number=Sing,_,_,_,@yad1986m-words#@yad1986m#2379.07#2379.293
185,/,/,PUNCT,_,_,_,_,_,@yad1986m-words#@yad1986m#2379.293#2379.516
186,эээ,эээ,INTJ,_,_,_,_,_,@yad1986m-words#@yad1986m#2379.516#2379.739
187,/,/,PUNCT,_,_,_,_,_,@yad1986m-words#@yad1986m#2379.739#2379.962
188,ну,ну,PART,_,_,_,_,_,@yad1986m-words#@yad1986m#2379.962#2380.185
189,/,/,PUNCT,_,_,_,_,_,@yad1986m-words#@yad1986m#2380.185#2380.408
190,просто,просто,PART,_,_,_,_,_,@yad1986m-words#@yad1986m#2380.408#2380.631
191,/,/,PUNCT,_,_,_,_,_,@yad1986m-words#@yad1986m#2380.631#2380.854
192,ээ,эээ,INTJ,_,_,_,_,_,@yad1986m-words#@yad1986m#2380.854#2381.077
193,/,/,PUNCT,_,_,_,_,_,@yad1986m-words#@yad1986m#2381.077#2381.3
194,делает,делать,VERB,_,Aspect=Imp|Mood=Ind|Number=Sing|Person=3|Tense=Pres|VerbForm=Fin|Voice=Act,_,_,_,@yad1986m-words#@yad1986m#2381.3#2381.523
195,все,все,DET,_,Case=Acc|Number=Plur,_,_,_,@yad1986m-words#@yad1986m#2381.523#2381.76
196,чтобы,чтобы,SCONJ,_,_,_,_,_,@yad1986m-words#@yad1986m#2382.07#2382.344
197,/,/,PUNCT,_,_,_,_,_,@yad1986m-words#@yad1986m#2382.344#2382.618
198,яд,яд,NOUN,_,Animacy=Inan|Case=Nom|Gender=Masc|Number=Sing,_,_,_,@yad1986m-words#@yad1986m#2382.618#2382.892
199,и,и,CCONJ,_,_,_,_,_,@yad1986m-words#@yad1986m#2382.892#2383.166
200,обида,обида,NOUN,_,Animacy=Inan|Case=Nom|Gender=Masc|Number=Sing,_,_,_,@yad1986m-words#@yad1986m#2383.166#2383.44
201,/,/,PUNCT,_,_,_,_,_,@yad1986m-words#@yad1986m#2383.44#2383.714
202,которая,который,PRON,_,Case=NomGender=Fem|Number=Sing,_,_,_,@yad1986m-words#@yad1986m#2383.714#2383.988
203,есть,быть,VERB,_,Aspect=Imp|Mood=Ind|Number=Sing|Person=3|Tense=Pres|VerbForm=Fin|Voice=Act,_,_,_,@yad1986m-words#@yad1986m#2383.988#2384.262
204,у,у,ADP,_,_,_,_,_,@yad1986m-words#@yad1986m#2384.262#2384.536
205,него,он,PRON,_,Case=Gen|Gender=Masc|Number=Sing|Person=3,_,_,_,@yad1986m-words#@yad1986m#2384.536#2384.81
206,по,по,ADP,_,_,_,_,_,@yad1986m-words#@yad1986m#2384.81#2385.084
207,отношению,отношение,NOUN,_,Animacy=Inan|Case=Dat|Gender=Neut|Number=Sing,_,_,_,@yad1986m-words#@yad1986m#2385.084#2385.358
208,к,к,ADP,_,_,_,_,_,@yad1986m-words#@yad1986m#2385.358#2385.632
209,стране,страна,NOUN,_,Animacy=Inan|Case=Dat|Gender=Fem|Number=Sing,_,_,_,@yad1986m-words#@yad1986m#2385.632#2385.91
210,они,они,PRON,_,Case=Nom|Number=Plur|Person=3,_,_,_,@yad1986m-words#@yad1986m#2386.31#2386.551
211,на,на,ADP,_,_,_,_,_,@yad1986m-words#@yad1986m#2386.551#2386.792
212,зрителей,зритель,NOUN,_,Animacy=Anim|Case=Acc|Gender=Masc|Number=Plur,_,_,_,@yad1986m-words#@yad1986m#2386.792#2387.033
213,/,/,PUNCT,_,_,_,_,_,@yad1986m-words#@yad1986m#2387.033#2387.274
214,в,в,ADP,_,_,_,_,_,@yad1986m-words#@yad1986m#2387.274#2387.515
215,общем,общий,ADJ,_,Case=Loc|Degree=Pos|Gender=Neut|Number=Sing,_,_,_,@yad1986m-words#@yad1986m#2387.515#2387.756
216,/,/,PUNCT,_,_,_,_,_,@yad1986m-words#@yad1986m#2387.756#2387.997
217,они,они,PRON,_,Case=Nom|Number=Plur|Person=3,_,_,_,@yad1986m-words#@yad1986m#2387.997#2388.238
218,в,в,ADP,_,_,_,_,_,@yad1986m-words#@yad1986m#2388.238#2388.479
219,любом,любой,DET,_,Case=Loc|Gender=Masc|Number=Sing,_,_,_,@yad1986m-words#@yad1986m#2388.479#2388.72
220,случае,случай,NOUN,_,Animacy=Inan|Case=Loc|Gender=Masc|Number=Sing,_,_,_,@yad1986m-words#@yad1986m#2388.72#2388.961
221,выливались,выливаться,VERB,_,Aspect=Imp|Mood=Ind|Number=Plur|Tense=Past|VerbForm=Fin|Voice=Mid,_,_,_,@yad1986m-words#@yad1986m#2388.961#2389.202
222,/,/,PUNCT,_,_,_,_,_,@yad1986m-words#@yad1986m#2389.202#2389.443
223,но,но,CCONJ,_,_,_,_,_,@yad1986m-words#@yad1986m#2389.443#2389.684
224,не,не,PART,_,Polarity=Neg,_,_,_,@yad1986m-words#@yad1986m#2389.684#2389.925
225,так,так,ADV,_,_,_,_,_,@yad1986m-words#@yad1986m#2389.925#2390.166
226,сильно,сильно,ADV,_,Degree=Pos,_,_,_,@yad1986m-words#@yad1986m#2390.166#2390.407
227,/,/,PUNCT,_,_,_,_,_,@yad1986m-words#@yad1986m#2390.407#2390.648
228,как,как,SCONJ,_,_,_,_,_,@yad1986m-words#@yad1986m#2390.648#2390.889
229,он,он,PRON,_,Case=Nom|Gender=Masc|Number=Sing|Person=3,_,_,_,@yad1986m-words#@yad1986m#2390.889#2391.13
230,хотел,хотеть,VERB,_,Aspect=Imp|Gender=Masc|Mood=Ind|Number=Sing|Tense=Past|VerbForm=Fin|Voice=Act,_,_,_,@yad1986m-words#@yad1986m#2391.13#2391.38
231,ээ,эээ,"INTJ
",_,_,_,_,_,@yad1986m-words#@yad1986m#2392.17#2392.477
232,/,/,PUNCT,_,_,_,_,_,@yad1986m-words#@yad1986m#2392.477#2392.784
233,зачем,зачем,ADV,_,_,_,_,_,@yad1986m-words#@yad1986m#2392.784#2393.091
234,вообще,вообще,PART,_,_,_,_,_,@yad1986m-words#@yad1986m#2393.091#2393.398
235,было,быть,AUX,_,Aspect=Imp|Gender=Neut|Mood=Ind|Number=Sing|Tense=Past|VerbForm=Fin|Voice=Act,_,_,_,@yad1986m-words#@yad1986m#2393.398#2393.705
236,ехать,ехать,VERB,_,Aspect=Imp|VerbForm=Inf|Voice=Act,_,_,_,@yad1986m-words#@yad1986m#2393.705#2394.012
237,?,?,PUNCT,_,_,_,_,_,@yad1986m-words#@yad1986m#2394.012#2394.32
238,вы,вы,PRON,_,Case=Nom|Number=Plur|Person=2,_,_,_,@yad1986m-words#@yad1986m#2394.98#2395.242
239,не,не,PART,_,Polarity=Neg,_,_,_,@yad1986m-words#@yad1986m#2395.242#2395.504
240,любите,любить,VERB,_,Aspect=Imp|Mood=Ind|Number=Plur|Person=2|Tense=Pres|VerbForm=Fin|Voice=Act,_,_,_,@yad1986m-words#@yad1986m#2395.504#2395.766
241,эту,этот,DET,_,Case=Acc|Gender=Fem|Number=Sing,_,_,_,@yad1986m-words#@yad1986m#2395.766#2396.028
242,страну,страна,NOUN,_,Animacy=Inan|Case=Acc|Gender=Fem|Number=Sing,_,_,_,@yad1986m-words#@yad1986m#2396.028#2396.29
243,вы,вы,PRON,_,Case=Nom|Number=Plur|Person=2,_,_,_,@yad1986m-words#@yad1986m#2396.7#2396.968
244,не,не,PART,_,Polarity=Neg,_,_,_,@yad1986m-words#@yad1986m#2396.968#2397.236
245,любите,любить,VERB,_,Aspect=Imp|Mood=Ind|Number=Plur|Person=2|Tense=Pres|VerbForm=Fin|Voice=Act,_,_,_,@yad1986m-words#@yad1986m#2397.236#2397.504
246,эту,этот,DET,_,Case=Acc|Gender=Fem|Number=Sing,_,_,_,@yad1986m-words#@yad1986m#2397.504#2397.772
247,нацию,нация,NOUN,_,Animacy=Inan|Case=Acc|Gender=Fem|Number=Sing,_,_,_,@yad1986m-words#@yad1986m#2397.772#2398.04
248,я,я,PRON,_,Case=Nom|Number=Sing|Person=1,_,_,_,@yad1986m-words#@yad1986m#2398.35#2398.696
249,отчасти,отчасти,ADV,_,Degree=Pos,_,_,_,@yad1986m-words#@yad1986m#2398.696#2399.042
250,понимаю,понимать,VERB,_,Aspect=Imp|Mood=Ind|Number=Sing|Person=1|Tense=Pres|VerbForm=Fin|Voice=Act,_,_,_,@yad1986m-words#@yad1986m#2399.042#2399.39
251,но,но,CCONJ,_,_,_,_,_,@yad1986m-words#@yad1986m#2399.87#2400.157
252,/,/,PUNCT,_,_,_,_,_,@yad1986m-words#@yad1986m#2400.157#2400.444
253,зачем,зачем,ADV,_,_,_,_,_,@yad1986m-words#@yad1986m#2400.444#2400.731
254,б...,б...,"X
",_,_,_,_,_,@yad1986m-words#@yad1986m#2400.731#2401.018
255,было,быть,AUX,_,Aspect=Imp|Gender=Neut|Mood=Ind|Number=Sing|Tense=Past|VerbForm=Fin|Voice=Act,_,_,_,@yad1986m-words#@yad1986m#2401.018#2401.305
256,браться,браться,VERB,_,Aspect=Imp|VerbForm=Inf|Voice=Mid,_,_,_,@yad1986m-words#@yad1986m#2401.305#2401.592
257,?,?,PUNCT,_,_,_,_,_,@yad1986m-words#@yad1986m#2401.592#2401.88
258,любовь,любовь,NOUN,_,Animacy=Inan|Case=Nom|Gender=Fem|Number=Sing,_,_,_,@yad1986m-words#@yad1986m#2464.03#2464.292
259,помогает,помогать,VERB,_,Aspect=Imp|Mood=Ind|Number=Sing|Person=3|Tense=Pres|VerbForm=Fin|Voice=Act,_,_,_,@yad1986m-words#@yad1986m#2464.292#2464.554
260,расцветать,расцветать,VERB,_,Aspect=Imp|VerbForm=Inf|Voice=Act,_,_,_,@yad1986m-words#@yad1986m#2464.554#2464.816
261,/,/,PUNCT,_,_,_,_,_,@yad1986m-words#@yad1986m#2464.816#2465.078
262,в,в,ADP,_,_,_,_,_,@yad1986m-words#@yad1986m#2465.078#2465.34
263,том,тот,DET,_,Case=Loc|Gender=Neut|Number=Sing,_,_,_,@yad1986m-words#@yad1986m#2465.34#2465.602
264,числе,число,NOUN,_,Animacy=Inan|Case=Loc|Gender=Neut|Number=Sing,_,_,_,@yad1986m-words#@yad1986m#2465.602#2465.864
265,и,и,PART,_,_,_,_,_,@yad1986m-words#@yad1986m#2465.864#2466.126
266,картинке,картинка,NOUN,_,Animacy=Anim|Case=Dat|Gender=Fem|Number=Sing,_,_,_,@yad1986m-words#@yad1986m#2466.126#2466.388
267,/,/,PUNCT,_,_,_,_,_,@yad1986m-words#@yad1986m#2466.388#2466.65
268,если,если,SCONJ,_,_,_,_,_,@yad1986m-words#@yad1986m#2466.65#2466.912
269,это,это,"PART
",_,_,_,_,_,@yad1986m-words#@yad1986m#2466.912#2467.174
270,не,не,PART,_,Polarity=Neg,_,_,_,@yad1986m-words#@yad1986m#2467.174#2467.436
271,любовь,любовь,NOUN,_,Animacy=Inan|Case=Nom|Gender=Fem|Number=Sing,_,_,_,@yad1986m-words#@yad1986m#2467.436#2467.698
272,к,к,ADP,_,_,_,_,_,@yad1986m-words#@yad1986m#2467.698#2467.96
273,Дмитрию,Дмитрий,PROPN,_,Animacy=Anim|Case=Dat|Gender=Masc|Number=Sing,_,_,_,@yad1986m-words#@yad1986m#2467.96#2468.222
274,Медведеву,Медведев,PROPN,_,Animacy=Anim|Case=Dat|Gender=Masc|Number=Sing,_,_,_,@yad1986m-words#@yad1986m#2468.222#2468.484
275,/,/,PUNCT,_,_,_,_,_,@yad1986m-words#@yad1986m#2468.484#2468.746
276,или,или,CCONJ,_,_,_,_,_,@yad1986m-words#@yad1986m#2468.746#2469.008
277,там,там,"ADV
",_,_,_,_,_,@yad1986m-words#@yad1986m#2469.008#2469.27
278,Владимиру,Владимир,PROPN,_,Animacy=Anim|Case=Dat|Gender=Masc|Number=Sing,_,_,_,@yad1986m-words#@yad1986m#2469.27#2469.532
279,Путину,Путин,PROPN,_,Animacy=Anim|Case=Dat|Gender=Masc|Number=Sing,_,_,_,@yad1986m-words#@yad1986m#2469.532#2469.81
280,как,как,SCONJ,_,_,_,_,_,@yad1986m-words#@yad1986m#2469.81#2470.012
281,у,у,ADP,_,_,_,_,_,@yad1986m-words#@yad1986m#2470.012#2470.214
282,некоторых,некоторый,DET,_,Case=Gen|Number=Plur,_,_,_,@yad1986m-words#@yad1986m#2470.214#2470.416
283,ваших,ваш,DET,_,Case=Gen|Number=Plur,_,_,_,@yad1986m-words#@yad1986m#2470.416#2470.618
284,коллег,коллега,NOUN,_,Animacy=Anim|Case=Gen|Gender=Masc|Number=Plur,_,_,_,@yad1986m-words#@yad1986m#2470.618#2470.82
285,/,/,PUNCT,_,_,_,_,_,@yad1986m-words#@yad1986m#2470.82#2471.022
286,когда,когда,SCONJ,_,_,_,_,_,@yad1986m-words#@yad1986m#2471.022#2471.224
287,они,они,PRON,_,Case=Nom|Number=Plur|Person=3,_,_,_,@yad1986m-words#@yad1986m#2471.224#2471.426
288,приходят,приходить,VERB,_,Aspect=Imp|Mood=Ind|Number=Plur|Person=3|Tense=Pres|VerbForm=Fin|Voice=Act,_,_,_,@yad1986m-words#@yad1986m#2471.426#2471.628
289,к,к,ADP,_,_,_,_,_,@yad1986m-words#@yad1986m#2471.628#2471.83
290,нему,он,PRON,_,Case=Dat|Gender=Masc|Number=Sing|Person=3,_,_,_,@yad1986m-words#@yad1986m#2471.83#2472.032
291,на,на,ADP,_,_,_,_,_,@yad1986m-words#@yad1986m#2472.032#2472.24
292,интервью,интервью,NOUN,_,Animacy=Inan|Case=Acc|Gender=Neut|Number=Sing,_,_,_,@yad1986m-words#@yad1986m#2472.24#2473.24
293,эээ,эээ,"INTJ
",_,_,_,_,_,@yad1986m-words#@yad1986m#2473.86#2474.37
294,да,да,INTJ,_,_,_,_,_,@yad1986m-words#@yad1986m#2474.49#2475.21
295,#цокает#,#цокает#,X,_,_,_,_,_,@yad1986m-words#@yad1986m#2475.54#2475.95
296,тогда,тогда,ADV,_,_,_,_,_,@yad1986m-words#@yad1986m#2482.05#2482.34
297,пару,пара,NOUN,_,Animacy=Inan|Case=Acc|Gender=Fem|Number=Sing,_,_,_,@yad1986m-words#@yad1986m#2482.34#2482.63
298,уточнений,уточнение,NOUN,_,Animacy=Inan|Case=Gen|Gender=Neut|Number=Plur,_,_,_,@yad1986m-words#@yad1986m#2482.63#2482.92
299,/,/,PUNCT,_,_,_,_,_,@yad1986m-words#@yad1986m#2482.92#2483.21
300,если,если,SCONJ,_,_,_,_,_,@yad1986m-words#@yad1986m#2483.21#2483.5
301,позволите,позволить,VERB,_,Aspect=Perf|Mood=Ind|Number=Plur|Person=2|Tense=Fut|VerbForm=Fin|Voice=Act,_,_,_,@yad1986m-words#@yad1986m#2483.5#2483.79
302,цитата,цитата,NOUN,_,Animacy=Inan|Case=Nom|Gender=Masc|Number=Sing,_,_,_,@yad1986m-words#@yad1986m#2483.85#2484.42
303,я,я,PRON,_,Case=Nom|Number=Sing|Person=1,_,_,_,@yad1986m-words#@yad1986m#2484.66#2484.874
304,не,не,PART,_,Polarity=Neg,_,_,_,@yad1986m-words#@yad1986m#2484.874#2485.088
305,хоте…,хотеть,,_,Aspect=Imp|Gender=Masc|Mood=Ind|Number=Sing|Tense=Past|VerbForm=Fin|Voice=Act,_,_,_,@yad1986m-words#@yad1986m#2485.088#2485.302
306,эт,это,PART,_,_,_,_,_,@yad1986m-words#@yad1986m#2485.302#2485.516
307,прям,прям,PART,_,_,_,_,_,@yad1986m-words#@yad1986m#2485.516#2485.73
308,/,/,PUNCT,_,_,_,_,_,@yad1986m-words#@yad1986m#2485.73#2485.944
309,из,из,ADP,_,_,_,_,_,@yad1986m-words#@yad1986m#2485.944#2486.158
310,вашего,ваш,DET,_,Case=Gen|Gender=Masc|Number=Sing,_,_,_,@yad1986m-words#@yad1986m#2486.158#2486.372
311,/,/,PUNCT,_,_,_,_,_,@yad1986m-words#@yad1986m#2486.372#2486.586
312,эм,эм,"INTJ
",_,_,_,_,_,@yad1986m-words#@yad1986m#2486.586#2486.8
313,/,/,PUNCT,_,_,_,_,_,@yad1986m-words#@yad1986m#2486.8#2487.014
314,пока,пока,"SCONJ
",_,_,_,_,_,@yad1986m-words#@yad1986m#2487.014#2487.228
315,вы,вы,PRON,_,Case=Nom|Number=Plur|Person=2,_,_,_,@yad1986m-words#@yad1986m#2487.228#2487.442
316,едете,ехать,VERB,_,Aspect=Imp|Mood=Ind|Number=Plur|Person=2|Tense=Pres|VerbForm=Fin|Voice=Act,_,_,_,@yad1986m-words#@yad1986m#2487.442#2487.656
317,за,за,ADP,_,_,_,_,_,@yad1986m-words#@yad1986m#2487.656#2487.87
318,рулем,руль,NOUN,_,Animacy=Inan|Case=Ins|Gender=Masc|Number=Sing,_,_,_,@yad1986m-words#@yad1986m#2487.87#2488.084
319,машины,машина,NOUN,_,Animacy=Inan|Case=Gen|Gender=Fem|Number=Sing,_,_,_,@yad1986m-words#@yad1986m#2488.084#2488.31
320,ээ,эээ,X,_,_,_,_,_,@yad1986m-words#@yad1986m#2488.72#2488.967
321,/,/,PUNCT,_,_,_,_,_,@yad1986m-words#@yad1986m#2488.967#2489.214
322,я,я,PRON,_,Case=Nom|Number=Sing|Person=1,_,_,_,@yad1986m-words#@yad1986m#2489.214#2489.461
323,не,не,PART,_,Polarity=Neg,_,_,_,@yad1986m-words#@yad1986m#2489.461#2489.708
324,хотел,хотеть,VERB,_,Aspect=Imp|Gender=Masc|Mood=Ind|Number=Sing|Tense=Past|VerbForm=Fin|Voice=Act,_,_,_,@yad1986m-words#@yad1986m#2489.708#2489.955
325,ехать,ехать,VERB,_,Aspect=Imp|VerbForm=Inf|Voice=Act,_,_,_,@yad1986m-words#@yad1986m#2489.955#2490.202
326,по,по,ADP,_,_,_,_,_,@yad1986m-words#@yad1986m#2490.202#2490.449
327,Германии,Германия,PROPN,_,Animacy=Inan|Case=Dat|Gender=Fem|Number=Sing,_,_,_,@yad1986m-words#@yad1986m#2490.449#2490.7
328,настолько,настолько,ADV,_,_,_,_,_,@yad1986m-words#@yad1986m#2491.26#2491.595
329,во,в,ADP,_,_,_,_,_,@yad1986m-words#@yad1986m#2491.595#2491.93
330,мне,я,PRON,_,Case=Loc|Number=Sing|Person=1,_,_,_,@yad1986m-words#@yad1986m#2491.93#2492.265
331,сидит,сидеть,VERB,_,Aspect=Imp|Mood=Ind|Number=Sing|Person=3|Tense=Pres|VerbForm=Fin|Voice=Act,_,_,_,@yad1986m-words#@yad1986m#2492.265#2492.6
332,память,память,NOUN,_,Animacy=Inan|Case=Nom|Gender=Fem|Number=Sing,_,_,_,@yad1986m-words#@yad1986m#2492.6#2492.935
333,и,и,CCONJ,_,_,_,_,_,@yad1986m-words#@yad1986m#2492.935#2493.27
334,обида,обида,NOUN,_,Animacy=Inan|Case=Nom|Gender=Masc|Number=Sing,_,_,_,@yad1986m-words#@yad1986m#2493.27#2493.61
335,за,за,ADP,_,_,_,_,_,@yad1986m-words#@yad1986m#2494.0#2494.272
336,войну,война,NOUN,_,Animacy=Inan|Case=Acc|Gender=Fem|Number=Sing,_,_,_,@yad1986m-words#@yad1986m#2494.272#2494.544
337,/,/,PUNCT,_,_,_,_,_,@yad1986m-words#@yad1986m#2494.544#2494.816
338,за,за,ADP,_,_,_,_,_,@yad1986m-words#@yad1986m#2494.816#2495.088
339,все,весь,DET,_,Case=Acc|Number=Plur,_,_,_,@yad1986m-words#@yad1986m#2495.088#2495.36
340,эти,этот,DET,_,Case=Acc|Number=Plur,_,_,_,@yad1986m-words#@yad1986m#2495.36#2495.632
341,концлагеря,концлагерь,NOUN,_,Animacy=Inan|Case=Acc|Gender=Masc|Number=Plur,_,_,_,@yad1986m-words#@yad1986m#2495.632#2495.91
342,#цокает#,#цокает#,X,_,_,_,_,_,@yad1986m-words#@yad1986m#2496.34#2496.57
343,ээ,эээ,INTJ,_,_,_,_,_,@yad1986m-words#@yad1986m#2497.1#2497.51
344,да,да,INTJ,_,_,_,_,_,@yad1986m-words#@yad1986m#2498.08#2498.27
345,/,/,PUNCT,_,_,_,_,_,@yad1986m-words#@yad1986m#2498.27#2498.46
346,я,я,PRON,_,Case=Nom|Number=Sing|Person=1,_,_,_,@yad1986m-words#@yad1986m#2498.46#2498.65
347,все,все,PART,_,_,_,_,_,@yad1986m-words#@yad1986m#2498.65#2498.84
348,понимаю,понимать,VERB,_,Aspect=Imp|Mood=Ind|Number=Sing|Person=1|Tense=Pres|VerbForm=Fin|Voice=Act,_,_,_,@yad1986m-words#@yad1986m#2498.84#2499.03
349,Владимир,Владимир,PROPN,_,Animacy=Anim|Case=Nom|Gender=Masc|Number=Sing,_,_,_,@yad1986m-words#@yad1986m#2499.03#2499.25
350,Владимирыч,Владимирыч,PROPN,_,Animacy=Anim|Case=Nom|Gender=Masc|Number=Sing,_,_,_,@yad1986m-words#@yad1986m#2499.25#2499.47
351,/,/,PUNCT,_,_,_,_,_,@yad1986m-words#@yad1986m#2499.47#2499.69
352,ээ,эээ,INTJ,_,_,_,_,_,@yad1986m-words#@yad1986m#2499.69#2499.91
353,/,/,PUNCT,_,_,_,_,_,@yad1986m-words#@yad1986m#2499.91#2500.13
354,но,но,CCONJ,_,_,_,_,_,@yad1986m-words#@yad1986m#2500.13#2500.35
355,вы,вы,PRON,_,Case=Nom|Number=Plur|Person=2,_,_,_,@yad1986m-words#@yad1986m#2501.18#2501.484
356,живете,жить,VERB,_,Aspect=Imp|Mood=Ind|Number=Plur|Person=2|Tense=Pres|VerbForm=Fin|Voice=Act,_,_,_,@yad1986m-words#@yad1986m#2501.484#2501.788
357,большую,больший,ADJ,_,Case=Acc|Degree=Pos|Gender=Fem|Number=Sing,_,_,_,@yad1986m-words#@yad1986m#2501.788#2502.092
358,часть,часть,NOUN,_,Animacy=Inan|Case=Acc|Gender=Fem|Number=Sing,_,_,_,@yad1986m-words#@yad1986m#2502.092#2502.396
359,жизни,жизнь,NOUN,_,Animacy=Inan|Case=Gen|Gender=Fem|Number=Sing,_,_,_,@yad1986m-words#@yad1986m#2502.396#2502.7
360,в,в,ADP,_,_,_,_,_,@yad1986m-words#@yad1986m#2502.7#2503.004
361,стране,страна,NOUN,_,Animacy=Inan|Case=Loc|Gender=Fem|Number=Sing,_,_,_,@yad1986m-words#@yad1986m#2503.004#2503.31
362,где,где,ADV,_,_,_,_,_,@yad1986m-words#@yad1986m#2504.09#2504.393
363,в,в,ADP,_,_,_,_,_,@yad1986m-words#@yad1986m#2504.393#2504.696
364,общем,общем,DET,_,Case=Loc|Gender=Masc|Number=Sing,_,_,_,@yad1986m-words#@yad1986m#2504.696#2504.789
365,-,-,PUNCT,,_,,,,@yad1986m-words#@yad1986m#2504.789#2504.909
366,"то
",то,"PART
",_,_,,,,@yad1986m-words#@yad1986m#2504.909#2504.999
367,были,быть,VERB,_,Aspect=Imp|Mood=Ind|Number=Plur|Tense=Past|VerbForm=Fin|Voice=Act,_,_,_,@yad1986m-words#@yad1986m#2504.999#2505.302
368,свои,свой,DET,_,Case=Acc|Number=Plur,_,_,_,@yad1986m-words#@yad1986m#2505.302#2505.605
369,концлагеря,концлагерь,NOUN,_,Animacy=Inan|Case=Acc|Gender=Masc|Number=Plur,_,_,_,@yad1986m-words#@yad1986m#2505.605#2505.91
370,где,где,ADV,_,_,_,_,_,@yad1986m-words#@yad1986m#2506.33#2506.643
371,был,быть,AUX,_,Aspect=Imp|Gender=Masc|Mood=Ind|Number=Sing|Tense=Past|VerbForm=Fin|Voice=Act,_,_,_,@yad1986m-words#@yad1986m#2506.643#2506.956
372,ГУЛАГ,ГУЛАГ,"PROPN
",_,Animacy=Inan|Case=Nom|Gender=Masc|Number=Sing,_,_,_,@yad1986m-words#@yad1986m#2506.956#2507.27
373,где,где,ADV,_,_,_,_,_,@yad1986m-words#@yad1986m#2507.84#2508.117
374,миллионы,миллион,"NUM
",_,Case=Nom|Number=Plur,_,_,_,@yad1986m-words#@yad1986m#2508.117#2508.394
375,наших,наш,DET,_,Case=Gen|Number=Plur,_,_,_,@yad1986m-words#@yad1986m#2508.394#2508.671
376,с,с,ADP,_,_,_,_,_,@yad1986m-words#@yad1986m#2508.671#2508.948
377,вами,вы,PRON,_,Case=Ins|Number=Plur|Person=2,_,_,_,@yad1986m-words#@yad1986m#2508.948#2509.225
378,сограждан,согражданин,NOUN,_,Animacy=Anim|Case=Gen|Gender=Masc|Number=Plur,_,_,_,@yad1986m-words#@yad1986m#2509.225#2509.502
379,/,/,PUNCT,_,_,_,_,_,@yad1986m-words#@yad1986m#2509.502#2509.779
380,таким,такой,DET,_,Case=Ins|Gender=Masc|Number=Sing,_,_,_,@yad1986m-words#@yad1986m#2509.779#2510.056
381,же,же,PART,_,_,_,_,_,@yad1986m-words#@yad1986m#2510.056#2510.333
382,образом,образом,NOUN,_,Animacy=Inan|Case=Ins|Gender=Masc|Number=Sing,_,_,_,@yad1986m-words#@yad1986m#2510.333#2510.61
383,были,быть,AUX,_,Aspect=Imp|Mood=Ind|Number=Plur|Tense=Past|VerbForm=Fin|Voice=Act,_,_,_,@yad1986m-words#@yad1986m#2510.61#2510.887
384,погублены,погубить,VERB,_,Aspect=Perf|Number=Plur|Tense=Past|Variant=Short|VerbForm=Part|Voice=Pass,_,_,_,@yad1986m-words#@yad1986m#2510.887#2511.164
385,/,/,PUNCT,_,_,_,_,_,@yad1986m-words#@yad1986m#2511.164#2511.441
386,как,как,SCONJ,_,_,_,_,_,@yad1986m-words#@yad1986m#2511.441#2511.718
387,и,и,"CCONJ
",_,_,_,_,_,@yad1986m-words#@yad1986m#2511.718#2511.995
388,/,/,PUNCT,_,_,_,_,_,@yad1986m-words#@yad1986m#2511.995#2512.272
389,ну,ну,PART,_,_,_,_,_,@yad1986m-words#@yad1986m#2512.272#2512.549
390,/,/,PUNCT,_,_,_,_,_,@yad1986m-words#@yad1986m#2512.549#2512.826
391,не,не,PART,_,Polarity=Neg,_,_,_,@yad1986m-words#@yad1986m#2512.826#2513.103
392,таким,такой,DET,_,Case=Ins|Gender=Masc|Number=Sing,_,_,_,@yad1986m-words#@yad1986m#2513.103#2513.38
393,же,же,PART,_,_,_,_,_,@yad1986m-words#@yad1986m#2513.38#2513.657
394,образом,образ,NOUN,_,Animacy=Inan|Case=Ins|Gender=Masc|Number=Sing,_,_,_,@yad1986m-words#@yad1986m#2513.657#2513.934
395,/,/,PUNCT,_,_,_,_,_,@yad1986m-words#@yad1986m#2513.934#2514.211
396,но,но,CCONJ,_,_,_,_,_,@yad1986m-words#@yad1986m#2514.211#2514.488
397,были,быть,AUX,_,Aspect=Imp|Mood=Ind|Number=Plur|Tense=Past|VerbForm=Fin|Voice=Act,_,_,_,@yad1986m-words#@yad1986m#2514.488#2514.765
398,погублены,погубить,VERB,_,Aspect=Perf|Number=Plur|Tense=Past|Variant=Short|VerbForm=Part|Voice=Pass,_,_,_,@yad1986m-words#@yad1986m#2514.765#2515.06
399,аа,ааа,"INTJ
",_,_,_,_,_,@yad1986m-words#@yad1986m#2515.47#2515.805
400,к…,к…,"X
",_,_,_,_,_,@yad1986m-words#@yad1986m#2515.805#2516.14
401,в,в,ADP,_,_,_,_,_,@yad1986m-words#@yad1986m#2516.14#2516.475
402,чем,что,PRON,_,Case=Loc,_,_,_,@yad1986m-words#@yad1986m#2516.475#2516.81
403,разница,разница,NOUN,_,Animacy=Inan|Case=Nom|Gender=Fem|Number=Sing,_,_,_,@yad1986m-words#@yad1986m#2516.81#2517.145
404,тогда,тогда,ADV,_,"_
",_,_,_,@yad1986m-words#@yad1986m#2517.145#2517.48
405,?,?,PUNCT,_,_,_,_,_,@yad1986m-words#@yad1986m#2517.48#2517.82
406,почему,почему,ADV,_,_,_,_,_,@yad1986m-words#@yad1986m#2517.88#2518.133
407,вы,вы,PRON,_,Case=Nom|Number=Plur|Person=2,_,_,_,@yad1986m-words#@yad1986m#2518.133#2518.386
408,не,не,PART,_,Polarity=Neg,_,_,_,@yad1986m-words#@yad1986m#2518.386#2518.639
409,чувствуете,чувствовать,VERB,_,Aspect=Imp|Mood=Ind|Number=Plur|Person=2|Tense=Pres|VerbForm=Fin|Voice=Act,_,_,_,@yad1986m-words#@yad1986m#2518.639#2518.892
410,этого,этот,DET,_,Case=Gen|Gender=Neut|Number=Sing,_,_,_,@yad1986m-words#@yad1986m#2518.892#2519.145
411,неприятия,неприятие,NOUN,_,Animacy=Inan|Case=Gen|Gender=Neut|Number=Sing,_,_,_,@yad1986m-words#@yad1986m#2519.145#2519.398
412,обиды,обида,NOUN,_,Animacy=Inan|Case=Gen|Gender=Fem|Number=Sing,_,_,_,@yad1986m-words#@yad1986m#2519.398#2519.651
413,/,/,PUNCT,_,_,_,_,_,@yad1986m-words#@yad1986m#2519.651#2519.904
414,находясь,находиться,VERB,_,Aspect=Imp|Tense=Pres|VerbForm=Conv|Voice=Mid,_,_,_,@yad1986m-words#@yad1986m#2519.904#2520.157
415,здесь,здесь,ADV,_,_,_,_,_,@yad1986m-words#@yad1986m#2520.157#2520.41
416,/,/,PUNCT,_,_,_,_,_,@yad1986m-words#@yad1986m#2520.41#2520.663
417,находясь,находиться,VERB,_,Aspect=Imp|Tense=Pres|VerbForm=Conv|Voice=Mid,_,_,_,@yad1986m-words#@yad1986m#2520.663#2520.916
418,у,у,ADP,_,_,_,_,_,@yad1986m-words#@yad1986m#2520.916#2521.169
419,нас,мы,PRON,_,Case=Gen|Number=Plur|Person=1,_,_,_,@yad1986m-words#@yad1986m#2521.169#2521.422
420,?,?,PUNCT,_,_,_,_,_,@yad1986m-words#@yad1986m#2521.422#2521.68
421,ведь,ведь,"PART
",_,_,_,_,_,@yad1986m-words#@yad1986m#2522.29#2522.558
422,по,по,ADP,_,_,_,_,_,@yad1986m-words#@yad1986m#2522.558#2522.826
423,сути,суть,NOUN,_,Animacy=Inan|Case=Dat|Gender=Fem|Number=Sing,_,_,_,@yad1986m-words#@yad1986m#2522.826#2523.094
424,/,/,PUNCT,_,_,_,_,_,@yad1986m-words#@yad1986m#2523.094#2523.362
425,почва,почва,NOUN,_,Animacy=Inan|Case=Nom|Gender=Fem|Number=Sing,_,_,_,@yad1986m-words#@yad1986m#2523.362#2523.63
426,та,тот,DET,_,Case=Nom|Gender=Fem|Number=Sing,_,_,_,@yad1986m-words#@yad1986m#2523.63#2523.898
427,же,же,PART,_,_,_,_,_,@yad1986m-words#@yad1986m#2523.898#2524.166
428,/,/,PUNCT,_,_,_,_,_,@yad1986m-words#@yad1986m#2524.166#2524.434
429,только,только,PART,_,_,_,_,_,@yad1986m-words#@yad1986m#2524.434#2524.702
430,чуть-чуть,чуть-чуть,"ADV
",_,_,_,_,_,@yad1986m-words#@yad1986m#2524.702#2524.97
431,по-другому,по-другому,ADV,_,_,_,_,_,@yad1986m-words#@yad1986m#2524.97#2525.24
432,ага,ага,"PART
",_,_,_,_,_,@yad1986m-words#@yad1986m#2558.22#2558.66
433,ой,ой,"INTJ
",_,_,_,_,_,@yad1986m-words#@yad1986m#2612.68#2613.11
434,ага,ага,"PART
",_,_,_,_,_,@yad1986m-words#@yad1986m#2623.0#2623.41
435,тогда,тогда,ADV,_,_,_,_,_,@yad1986m-words#@yad1986m#2624.05#2624.305
436,еще,еще,ADV,_,_,_,_,_,@yad1986m-words#@yad1986m#2624.305#2624.56
437,одна,один,NUM,_,Case=Nom|Gender=Fem,_,_,_,@yad1986m-words#@yad1986m#2624.56#2624.815
438,цитата,цитата,NOUN,_,Animacy=Inan|Case=Nom|Gender=Fem|Number=Sing,_,_,_,@yad1986m-words#@yad1986m#2624.815#2625.07
439,#цокает#,#цокает#,"X
",_,"_
",_,_,_,@yad1986m-words#@yad1986m#2625.48#2625.651
440,/,/,PUNCT,_,_,_,_,_,@yad1986m-words#@yad1986m#2625.651#2625.822
441,пардон,пардон,"INTJ
",_,_,_,_,_,@yad1986m-words#@yad1986m#2625.822#2625.993
442,/,/,PUNCT,_,_,_,_,_,@yad1986m-words#@yad1986m#2625.993#2626.164
443,что,что,SCONJ,_,_,_,_,_,@yad1986m-words#@yad1986m#2626.164#2626.335
444,она,она,PRON,_,Case=Nom|Gender=Fem|Number=Sing|Person=3,_,_,_,@yad1986m-words#@yad1986m#2626.335#2626.506
445,длинная,длинный,ADJ,_,Case=Nom|Degree=Pos|Gender=Fem|Number=Sing,_,_,_,@yad1986m-words#@yad1986m#2626.506#2626.68
446,да,да,"INTJ
",_,_,_,_,_,@vvp1934m-words#@vvp1934m#2315.42#2315.79
447,да,да,"INTJ
",_,_,_,_,_,@vvp1934m-words#@vvp1934m#2316.34#2316.62
448,да,да,"INTJ
",_,_,_,_,_,@vvp1934m-words#@vvp1934m#2317.72#2318.72
449,нет,нет,"INTJ
",_,_,_,_,_,@vvp1934m-words#@vvp1934m#2324.06#2324.67
450,не,не,PART,_,Polarity=Neg,_,_,_,@vvp1934m-words#@vvp1934m#2325.89#2326.485
451,согласен,согласный,ADJ,_,Degree=Pos|Gender=Masc|Number=Sing|Variant=Short,_,_,_,@vvp1934m-words#@vvp1934m#2326.485#2327.08
452,а,а,"PART
",_,_,_,_,_,@vvp1934m-words#@vvp1934m#2327.71#2328.043
453,почему,почему,ADV,_,_,_,_,_,@vvp1934m-words#@vvp1934m#2328.043#2328.376
454,?,?,PUNCT,_,_,_,_,_,@vvp1934m-words#@vvp1934m#2328.376#2328.71
455,почему,почему,ADV,_,_,_,_,_,@vvp1934m-words#@vvp1934m#2328.91#2329.172
456,это,это,"PART
",_,_,_,_,_,@vvp1934m-words#@vvp1934m#2329.172#2329.434
457,провал,провал,NOUN,_,Animacy=Inan|Case=Nom|Gender=Masc|Number=Sing,_,_,_,@vvp1934m-words#@vvp1934m#2329.434#2329.696
458,?,?,PUNCT,_,_,_,_,_,@vvp1934m-words#@vvp1934m#2329.696#2329.96
459,да,да,"INTJ
",_,_,_,_,_,@vvp1934m-words#@vvp1934m#2332.76#2333.05
460,понимаю,понимать,VERB,_,Aspect=Imp|Mood=Ind|Number=Sing|Person=1|Tense=Pres|VerbForm=Fin|Voice=Act,_,_,_,@vvp1934m-words#@vvp1934m#2335.1#2335.6
461,да,да,PART,_,_,_,_,_,@vvp1934m-words#@vvp1934m#2359.28#2359.7
462,почему,почему,ADV,_,_,_,_,_,@vvp1934m-words#@vvp1934m#2363.33#2363.61
463,двух,два,NUM,_,Case=Gen,_,_,_,@vvp1934m-words#@vvp1934m#2363.61#2363.89
464,?,?,PUNCT,_,_,_,_,_,@vvp1934m-words#@vvp1934m#2363.89#2364.17
465,там,"там
",ADV,_,_,_,_,_,@vvp1934m-words#@vvp1934m#2364.88#2365.133
466,же,же,PART,_,_,_,_,_,@vvp1934m-words#@vvp1934m#2365.133#2365.386
467,было,быть,AUX,_,Aspect=Imp|Gender=Neut|Mood=Ind|Number=Sing|Tense=Past|VerbForm=Fin|Voice=Act,_,_,_,@vvp1934m-words#@vvp1934m#2365.386#2365.639
468,не,не,PART,_,Polarity=Neg,_,_,_,@vvp1934m-words#@vvp1934m#2365.639#2365.892
469,дв…,два,NUM,_,Case=Nom|Gender=Fem,_,_,_,@vvp1934m-words#@vvp1934m#2365.892#2366.145
470,две,два,NUM,_,Case=Nom|Gender=Fem,_,_,_,@vvp1934m-words#@vvp1934m#2366.145#2366.398
471,серии,серия,NOUN,_,Animacy=Inan|Case=Gen|Gender=Fem|Number=Sing,_,_,_,@vvp1934m-words#@vvp1934m#2366.398#2366.651
472,/,/,PUNCT,_,_,_,_,_,@vvp1934m-words#@vvp1934m#2366.651#2366.904
473,там,там,ADV,_,_,_,_,_,@vvp1934m-words#@vvp1934m#2366.904#2367.157
474,было,быть,VERB,_,Aspect=Imp|Gender=Neut|Mood=Ind|Number=Sing|Tense=Past|VerbForm=Fin|Voice=Act,_,_,_,@vvp1934m-words#@vvp1934m#2367.157#2367.41
475,/,/,PUNCT,_,_,_,_,_,@vvp1934m-words#@vvp1934m#2367.41#2367.663
476,восемь,восемь,NUM,_,Case=Nom,_,_,_,@vvp1934m-words#@vvp1934m#2367.663#2367.916
477,серий,серия,NOUN,_,Animacy=Inan|Case=Gen|Gender=Fem|Number=Plur,_,_,_,@vvp1934m-words#@vvp1934m#2367.916#2368.18
478,#смеется#,#смеется#,"X
",_,_,_,_,_,@vvp1934m-words#@vvp1934m#2370.9#2373.36
479,ну,ну,PART,_,_,_,_,_,@vvp1934m-words#@vvp1934m#2374.46#2374.612
480,/,/,PUNCT,_,_,_,_,_,@vvp1934m-words#@vvp1934m#2374.612#2374.764
481,ну,ну,PART,_,_,_,_,_,@vvp1934m-words#@vvp1934m#2374.764#2374.916
482,/,/,PUNCT,_,_,_,_,_,@vvp1934m-words#@vvp1934m#2374.916#2375.068
483,да,да,INTJ,_,_,_,_,_,@vvp1934m-words#@vvp1934m#2375.068#2375.22
484,да,да,INTJ,_,_,_,_,_,@vvp1934m-words#@vvp1934m#2375.22#2375.475
485,/,/,PUNCT,_,_,_,_,_,@vvp1934m-words#@vvp1934m#2375.475#2375.73
486,да,да,INTJ,_,_,_,_,_,@vvp1934m-words#@vvp1934m#2375.73#2375.985
487,[нрзб],X,"X
",_,_,_,_,_,@vvp1934m-words#@vvp1934m#2375.985#2376.24
488,/,/,PUNCT,_,_,_,_,_,@vvp1934m-words#@vvp1934m#2376.24#2376.495
489,да,да,INTJ,_,_,_,_,_,@vvp1934m-words#@vvp1934m#2376.495#2376.75
490,да,да,INTJ,_,_,_,_,_,@vvp1934m-words#@vvp1934m#2397.83#2398.163
491,/,/,PUNCT,_,_,_,_,_,@vvp1934m-words#@vvp1934m#2398.163#2398.496
492,да,да,INTJ,_,_,_,_,_,@vvp1934m-words#@vvp1934m#2398.496#2398.83
493,#цокает#,#цокает#,X,_,_,_,_,_,@vvp1934m-words#@vvp1934m#2402.91#2403.24
494,/,/,PUNCT,_,_,_,_,_,@vvp1934m-words#@vvp1934m#2403.24#2403.57
495,вы,вы,PRON,_,Case=Nom|Number=Plur|Person=2,_,_,_,@vvp1934m-words#@vvp1934m#2403.57#2403.9
496,знаете,знать,VERB,_,Aspect=Imp|Mood=Ind|Number=Plur|Person=2|Tense=Pres|VerbForm=Fin|Voice=Act,_,_,_,@vvp1934m-words#@vvp1934m#2403.9#2404.23
497,#цокает#,#цокает#,X,_,_,_,_,_,@vvp1934m-words#@vvp1934m#2406.26#2406.54
498,ээ,эээ,"INTJ
",_,_,_,_,_,@vvp1934m-words#@vvp1934m#2406.58#2406.906
499,я,я,PRON,_,Case=Nom|Number=Sing|Person=1,_,_,_,@vvp1934m-words#@vvp1934m#2406.906#2407.232
500,хотел,хотеть,VERB,_,Aspect=Imp|Gender=Masc|Mood=Ind|Number=Sing|Tense=Past|VerbForm=Fin|Voice=Act,_,_,_,@vvp1934m-words#@vvp1934m#2407.232#2407.558
501,это,это,PRON,_,Case=Acc|Gender=Neut|Number=Sing,_,_,_,@vvp1934m-words#@vvp1934m#2407.558#2407.884
502,сделать,сделать,VERB,_,Aspect=Perf|VerbForm=Inf|Voice=Act,_,_,_,@vvp1934m-words#@vvp1934m#2407.884#2408.21
503,/,/,PUNCT,_,_,_,_,_,@vvp1934m-words#@vvp1934m#2408.21#2408.536
504,и,и,CCONJ,_,_,_,_,_,@vvp1934m-words#@vvp1934m#2408.536#2408.862
505,мне,я,PRON,_,Case=Dat|Number=Sing|Person=1,_,_,_,@vvp1934m-words#@vvp1934m#2408.862#2409.188
506,было,быть,AUX,_,Aspect=Imp|Gender=Neut|Mood=Ind|Number=Sing|Tense=Past|VerbForm=Fin|Voice=Act,_,_,_,@vvp1934m-words#@vvp1934m#2409.188#2409.514
507,интересно,интересный,ADJ,_,Degree=Pos|Gender=Neut|Number=Sing|Variant=Short,_,_,_,@vvp1934m-words#@vvp1934m#2409.514#2409.84
508,понять,понять,VERB,_,Aspect=Perf|VerbForm=Inf|Voice=Act,_,_,_,@vvp1934m-words#@vvp1934m#2409.84#2410.166
509,/,/,PUNCT,_,_,_,_,_,@vvp1934m-words#@vvp1934m#2410.166#2410.492
510,насколько,насколько,ADV,_,_,_,_,_,@vvp1934m-words#@vvp1934m#2410.492#2410.818
511,/,/,PUNCT,_,_,_,_,_,@vvp1934m-words#@vvp1934m#2410.818#2411.144
512,я,я,PRON,_,Case=Nom|Number=Sing|Person=1,_,_,_,@vvp1934m-words#@vvp1934m#2411.144#2411.47
513,смогу,смочь,VERB,_,Aspect=Perf|Mood=Ind|Number=Sing|Person=1|Tense=Fut|VerbForm=Fin|Voice=Act,_,_,_,@vvp1934m-words#@vvp1934m#2411.47#2411.796
514,это,это,PRON,_,Case=Acc|Gender=Neut|Number=Sing,_,_,_,@vvp1934m-words#@vvp1934m#2411.796#2412.122
515,сделать,сделать,VERB,_,Aspect=Perf|VerbForm=Inf|Voice=Act,_,_,_,@vvp1934m-words#@vvp1934m#2412.122#2412.45
516,ээ,эээ,INTJ,_,_,_,_,_,@vvp1934m-words#@vvp1934m#2413.09#2413.38
517,потому,потому,ADV,_,_,_,_,_,@vvp1934m-words#@vvp1934m#2413.38#2413.67
518,что,что,SCONJ,_,_,_,_,_,@vvp1934m-words#@vvp1934m#2413.67#2413.96
519,мое,мой,DET,_,Case=Nom|Gender=Neut|Number=Sing,_,_,_,@vvp1934m-words#@vvp1934m#2413.96#2414.25
520,отношение,отношение,NOUN,_,Animacy=Inan|Case=Nom|Gender=Neut|Number=Sing,_,_,_,@vvp1934m-words#@vvp1934m#2414.25#2414.54
521,к,к,ADP,_,_,_,_,_,@vvp1934m-words#@vvp1934m#2414.54#2414.83
522,Германии,Германия,PROPN,_,Animacy=Inan|Case=Dat|Gender=Fem|Number=Sing,_,_,_,@vvp1934m-words#@vvp1934m#2414.83#2415.12
523,и,и,CCONJ,_,_,_,_,_,@vvp1934m-words#@vvp1934m#2415.12#2415.41
524,к,к,ADP,_,_,_,_,_,@vvp1934m-words#@vvp1934m#2415.41#2415.7
525,немцам,немец,NOUN,_,Animacy=Anim|Case=Dat|Gender=Masc|Number=Plur,_,_,_,@vvp1934m-words#@vvp1934m#2415.7#2415.99
526,/,/,PUNCT,_,_,_,_,_,@vvp1934m-words#@vvp1934m#2415.99#2416.28
527,это,это,PRON,_,_,_,_,_,@vvp1934m-words#@vvp1934m#2416.28#2416.57
528,моя,мой,DET,_,Case=Nom|Gender=Fem|Number=Sing,_,_,_,@vvp1934m-words#@vvp1934m#2416.57#2416.86
529,проблема,проблема,NOUN,_,Animacy=Inan|Case=Nom|Gender=Fem|Number=Sing,_,_,_,@vvp1934m-words#@vvp1934m#2416.86#2417.15
530,/,/,PUNCT,_,_,_,_,_,@vvp1934m-words#@vvp1934m#2417.15#2417.44
531,а,а,CCONJ,_,Polarity=Neg,_,_,_,@vvp1934m-words#@vvp1934m#2417.44#2417.73
532,не,не,PART,_,_,_,_,_,@vvp1934m-words#@vvp1934m#2417.73#2418.02
533,их,их,DET,_,_,_,_,_,@vvp1934m-words#@vvp1934m#2418.02#2418.31
534,проблема,проблема,NOUN,_,Animacy=Inan|Case=Nom|Gender=Fem|Number=Sing,_,_,_,@vvp1934m-words#@vvp1934m#2418.31#2418.6
535,ээ,эээ,INTJ,_,_,_,_,_,@vvp1934m-words#@vvp1934m#2419.42#2419.689
536,тем,то,PRON,_,Case=Ins|Gender=Neut|Number=Sing,_,_,_,@vvp1934m-words#@vvp1934m#2419.689#2419.958
537,более,более,ADV,_,Degree=Cmp,_,_,_,@vvp1934m-words#@vvp1934m#2419.958#2420.227
538,/,/,PUNCT,_,_,_,_,_,@vvp1934m-words#@vvp1934m#2420.227#2420.496
539,что,что,"CCONJ
",_,_,_,_,_,@vvp1934m-words#@vvp1934m#2420.496#2420.765
540,там,там,ADV,_,_,_,_,_,@vvp1934m-words#@vvp1934m#2420.765#2421.034
541,живет,жить,VERB,_,Aspect=Imp|Mood=Ind|Number=Sing|Person=3|Tense=Pres|VerbForm=Fin|Voice=Act,_,_,_,@vvp1934m-words#@vvp1934m#2421.034#2421.303
542,/,/,PUNCT,_,_,_,_,_,@vvp1934m-words#@vvp1934m#2421.303#2421.572
543,э,эээ,INTJ,_,_,_,_,_,@vvp1934m-words#@vvp1934m#2421.572#2421.841
544,/,/,PUNCT,_,_,_,_,_,@vvp1934m-words#@vvp1934m#2421.841#2422.11
545,важная,важный,ADJ,_,Case=Nom|Degree=Pos|Gender=Fem|Number=Sing,_,_,_,@vvp1934m-words#@vvp1934m#2422.11#2422.379
546,часть,часть,NOUN,_,Animacy=Inan|Case=Nom|Gender=Fem|Number=Sing,_,_,_,@vvp1934m-words#@vvp1934m#2422.379#2422.648
547,моей,мой,DET,_,Case=Gen|Gender=Fem|Number=Sing,_,_,_,@vvp1934m-words#@vvp1934m#2422.648#2422.917
548,семьи,семья,NOUN,_,Animacy=Inan|Case=Gen|Gender=Fem|Number=Sing,_,_,_,@vvp1934m-words#@vvp1934m#2422.917#2423.186
549,/,/,PUNCT,_,_,_,_,_,@vvp1934m-words#@vvp1934m#2423.186#2423.455
550,и,и,CCONJ,_,_,_,_,_,@vvp1934m-words#@vvp1934m#2423.455#2423.724
551,давно,давно,ADV,_,_,_,_,_,@vvp1934m-words#@vvp1934m#2423.724#2423.993
552,живет,жить,VERB,_,Aspect=Imp|Mood=Ind|Number=Sing|Person=3|Tense=Pres|VerbForm=Fin|Voice=Act,_,_,_,@vvp1934m-words#@vvp1934m#2423.993#2424.27
553,и,и,CCONJ,_,_,_,_,_,@vvp1934m-words#@vvp1934m#2424.43#2424.72
554,будет,быть,AUX,_,Aspect=Imp|Mood=Ind|Number=Sing|Person=3|Tense=Pres|VerbForm=Fin|Voice=Act,_,_,_,@vvp1934m-words#@vvp1934m#2424.72#2425.01
555,там,там,ADV,_,"_
",_,_,_,@vvp1934m-words#@vvp1934m#2425.01#2425.3
556,жить,жить,VERB,_,Aspect=Imp|VerbForm=Inf|Voice=Act,_,_,_,@vvp1934m-words#@vvp1934m#2425.3#2425.59
557,эмм,эм,"INTJ
",_,_,_,_,_,@vvp1934m-words#@vvp1934m#2426.59#2426.895
558,/,/,PUNCT,_,_,_,_,_,@vvp1934m-words#@vvp1934m#2426.895#2427.2
559,и,и,CCONJ,_,_,_,_,_,@vvp1934m-words#@vvp1934m#2427.2#2427.505
560,мне,я,PRON,_,Case=Dat|Number=Sing|Person=1,_,_,_,@vvp1934m-words#@vvp1934m#2427.505#2427.81
561,было,быть,AUX,_,Aspect=Imp|Gender=Neut|Mood=Ind|Number=Sing|Tense=Past|VerbForm=Fin|Voice=Act,_,_,_,@vvp1934m-words#@vvp1934m#2427.81#2428.115
562,понят…,понятно,ADV,_,Degree=Pos|Gender=Neut|Number=Sing,_,_,_,@vvp1934m-words#@vvp1934m#2428.115#2428.42
563,ээ,эээ,INTJ,_,_,_,_,_,@vvp1934m-words#@vvp1934m#2428.42#2428.725
564,/,/,PUNCT,_,_,_,_,_,@vvp1934m-words#@vvp1934m#2428.725#2429.03
565,интересно,интересно,ADJ,_,Degree=Pos,_,_,_,@vvp1934m-words#@vvp1934m#2429.03#2429.335
566,/,/,PUNCT,_,_,_,_,_,@vvp1934m-words#@vvp1934m#2429.335#2429.64
567,насколько,насколько,ADV,_,_,_,_,_,@vvp1934m-words#@vvp1934m#2429.64#2429.945
568,я,я,PRON,_,Case=Nom|Number=Sing|Person=1,_,_,_,@vvp1934m-words#@vvp1934m#2429.945#2430.25
569,/,/,PUNCT,_,_,_,_,_,@vvp1934m-words#@vvp1934m#2430.25#2430.555
570,могу,мочь,VERB,_,Aspect=Imp|Mood=Ind|Number=Sing|Person=1|Tense=Pres|VerbForm=Fin|Voice=Act,_,_,_,@vvp1934m-words#@vvp1934m#2430.555#2430.86
571,справиться,справиться,VERB,_,Aspect=Perf|VerbForm=Inf|Voice=Mid,_,_,_,@vvp1934m-words#@vvp1934m#2430.86#2431.165
572,с,с,ADP,_,_,_,_,_,@vvp1934m-words#@vvp1934m#2431.165#2431.47
573,собой,себя,PRON,_,Case=Ins,_,_,_,@vvp1934m-words#@vvp1934m#2431.47#2431.79
574,ээ,эээ,"INTJ
",_,_,_,_,_,@vvp1934m-words#@vvp1934m#2432.45#2432.822
575,/,/,PUNCT,_,_,_,_,_,@vvp1934m-words#@vvp1934m#2432.822#2433.194
576,я,я,PRON,_,Case=Nom|Number=Sing|Person=1,_,_,_,@vvp1934m-words#@vvp1934m#2433.194#2433.566
577,получил,получить,VERB,_,Aspect=Perf|Gender=Masc|Mood=Ind|Number=Sing|Tense=Past|VerbForm=Fin|Voice=Act,_,_,_,@vvp1934m-words#@vvp1934m#2433.566#2433.938
578,самые,самый,"DET
",_,Case=Acc|Degree=Pos|Number=Plur,_,_,_,@vvp1934m-words#@vvp1934m#2433.938#2434.31
579,разные,разный,ADJ,_,Case=Acc|Degree=Pos|Number=Plur,_,_,_,@vvp1934m-words#@vvp1934m#2434.31#2434.682
580,отклики,отклик,NOUN,_,Animacy=Inan|Case=Acc|Gender=Masc|Number=Plur,_,_,_,@vvp1934m-words#@vvp1934m#2434.682#2435.054
581,/,/,PUNCT,_,_,_,_,_,@vvp1934m-words#@vvp1934m#2435.054#2435.426
582,по,по,ADP,_,_,_,_,_,@vvp1934m-words#@vvp1934m#2435.426#2435.798
583,поводу,повод,NOUN,_,Animacy=Inan|Case=Dat|Gender=Masc|Number=Sing,_,_,_,@vvp1934m-words#@vvp1934m#2435.798#2436.17
584,этой,этот,DET,_,Case=Gen|Gender=Fem|Number=Sing,_,_,_,@vvp1934m-words#@vvp1934m#2436.17#2436.542
585,программы,программа,NOUN,_,Animacy=Inan|Case=Gen|Gender=Fem|Number=Sing,_,_,_,@vvp1934m-words#@vvp1934m#2436.542#2436.914
586,/,/,PUNCT,_,_,_,_,_,@vvp1934m-words#@vvp1934m#2436.914#2437.286
587,от,от,ADP,_,_,_,_,_,@vvp1934m-words#@vvp1934m#2437.286#2437.658
588,благодарных,благодарный,ADJ,_,Case=Gen|Degree=Pos|Number=Plur,_,_,_,@vvp1934m-words#@vvp1934m#2437.658#2438.03
589,до,до,ADP,_,_,_,_,_,@vvp1934m-words#@vvp1934m#2438.53#2438.725
590,/,/,PUNCT,_,_,_,_,_,@vvp1934m-words#@vvp1934m#2438.725#2438.92
591,таких,такой,DET,_,Case=Gen|Number=Plur,_,_,_,@vvp1934m-words#@vvp1934m#2438.92#2439.115
592,/,/,PUNCT,_,_,_,_,_,@vvp1934m-words#@vvp1934m#2439.115#2439.31
593,как,как,SCONJ,_,_,_,_,_,@vvp1934m-words#@vvp1934m#2439.31#2439.505
594,говорите,говорить,VERB,_,Aspect=Imp|Mood=Ind|Number=Plur|Person=2|Tense=Pres|VerbForm=Fin|Voice=Act,_,_,_,@vvp1934m-words#@vvp1934m#2439.505#2439.7
595,вы,вы,PRON,_,Case=Nom|Number=Plur|Person=2,_,_,_,@vvp1934m-words#@vvp1934m#2439.7#2439.895
596,/,/,PUNCT,_,_,_,_,_,@vvp1934m-words#@vvp1934m#2439.895#2440.09
597,что,что,"SCONJ
",_,_,_,_,_,@vvp1934m-words#@vvp1934m#2440.09#2440.285
598,мол,мол,PART,_,_,_,_,_,@vvp1934m-words#@vvp1934m#2440.285#2440.48
599,/,/,PUNCT,_,_,_,_,_,@vvp1934m-words#@vvp1934m#2440.48#2440.675
600,как,как,ADV,_,_,_,_,_,@vvp1934m-words#@vvp1934m#2440.675#2440.87
601,же,же,PART,_,_,_,_,_,@vvp1934m-words#@vvp1934m#2440.87#2441.065
602,вы,вы,PRON,_,Case=Nom|Number=Plur|Person=2,_,_,_,@vvp1934m-words#@vvp1934m#2441.065#2441.26
603,так,так,ADV,_,_,_,_,_,@vvp1934m-words#@vvp1934m#2441.26#2441.455
604,/,/,PUNCT,_,_,_,_,_,@vvp1934m-words#@vvp1934m#2441.455#2441.65
605,и,и,CCONJ,_,_,_,_,_,@vvp1934m-words#@vvp1934m#2441.65#2441.845
606,так,так,ADV,_,"_
",_,_,_,@vvp1934m-words#@vvp1934m#2441.845#2442.04
607,далее,"далеко
",ADV,_,Degree=Cmp,_,_,_,@vvp1934m-words#@vvp1934m#2442.04#2442.24
608,аммм,"ммм
",INTJ,_,_,_,_,_,@vvp1934m-words#@vvp1934m#2443.08#2443.99
609,у,у,ADP,_,_,_,_,_,@vvp1934m-words#@vvp1934m#2444.44#2444.666
610,м…,м…,X,_,_,_,_,_,@vvp1934m-words#@vvp1934m#2444.666#2444.892
611,мне,я,PRON,_,Case=Dat|Number=Sing|Person=1,_,_,_,@vvp1934m-words#@vvp1934m#2444.892#2445.118
612,не,не,PART,_,Polarity=Neg,_,_,_,@vvp1934m-words#@vvp1934m#2445.118#2445.344
613,стыдно,стыдно,ADV,_,Degree=Pos,_,_,_,@vvp1934m-words#@vvp1934m#2445.344#2445.57
614,за,за,ADP,_,_,_,_,_,@vvp1934m-words#@vvp1934m#2445.57#2445.796
615,эту,этот,DET,_,Case=Acc|Gender=Fem|Number=Sing,_,_,_,@vvp1934m-words#@vvp1934m#2445.796#2446.022
616,программу,программа,NOUN,_,Animacy=Inan|Case=Acc|Gender=Fem|Number=Sing,_,_,_,@vvp1934m-words#@vvp1934m#2446.022#2446.248
617,/,/,PUNCT,_,_,_,_,_,@vvp1934m-words#@vvp1934m#2446.248#2446.474
618,я,я,PRON,_,Case=Nom|Number=Sing|Person=1,_,_,_,@vvp1934m-words#@vvp1934m#2446.474#2446.7
619,вам,вы,PRON,_,Case=Dat|Number=Plur|Person=2,_,_,_,@vvp1934m-words#@vvp1934m#2446.7#2446.926
620,искренне,искренне,ADV,_,Degree=Pos,_,_,_,@vvp1934m-words#@vvp1934m#2446.926#2447.152
621,говорю,говорить,VERB,_,Aspect=Imp|Mood=Ind|Number=Sing|Person=1|Tense=Pres|VerbForm=Fin|Voice=Act,_,_,_,@vvp1934m-words#@vvp1934m#2447.152#2447.39
622,то,то,PRON,_,Case=Nom|Gender=Neut|Number=Sing,_,_,_,@vvp1934m-words#@vvp1934m#2447.79#2448.053
623,/,/,PUNCT,_,_,_,_,_,@vvp1934m-words#@vvp1934m#2448.053#2448.316
624,что,что,SCONJ,_,_,_,_,_,@vvp1934m-words#@vvp1934m#2448.316#2448.579
625,мое,мой,DET,_,Case=Nom|Gender=Neut|Number=Sing,_,_,_,@vvp1934m-words#@vvp1934m#2448.579#2448.842
626,отношение,отношение,NOUN,_,Animacy=Inan|Case=Nom|Gender=Neut|Number=Sing,_,_,_,@vvp1934m-words#@vvp1934m#2448.842#2449.105
627,/,/,PUNCT,_,_,_,_,_,@vvp1934m-words#@vvp1934m#2449.105#2449.368
628,ээ,эээ,INTJ,_,_,_,_,_,@vvp1934m-words#@vvp1934m#2449.368#2449.631
629,/,/,PUNCT,_,_,_,_,_,@vvp1934m-words#@vvp1934m#2449.631#2449.894
630,так,так,ADV,_,_,_,_,_,@vvp1934m-words#@vvp1934m#2449.894#2450.157
631,или,или,CCONJ,_,_,_,_,_,@vvp1934m-words#@vvp1934m#2450.157#2450.42
632,иначе,иначе,ADV,_,_,_,_,_,@vvp1934m-words#@vvp1934m#2450.42#2450.683
633,/,/,PUNCT,_,_,_,_,_,@vvp1934m-words#@vvp1934m#2450.683#2450.946
634,м…,ммм,INTJ,_,_,_,_,_,@vvp1934m-words#@vvp1934m#2450.946#2451.209
635,можно,можно,PRED,_,_,_,_,_,@vvp1934m-words#@vvp1934m#2451.209#2451.472
636,было,быть,AUX,_,Aspect=Imp|Gender=Neut|Mood=Ind|Number=Sing|Tense=Past|VerbForm=Fin|Voice=Act,_,_,_,@vvp1934m-words#@vvp1934m#2451.472#2451.735
637,почувствовать,почувствовать,VERB,_,Aspect=Perf|VerbForm=Inf|Voice=Act,_,_,_,@vvp1934m-words#@vvp1934m#2451.735#2451.998
638,/,/,PUNCT,_,_,_,_,_,@vvp1934m-words#@vvp1934m#2451.998#2452.261
639,ну,ну,PART,_,_,_,_,_,@vvp1934m-words#@vvp1934m#2452.261#2452.524
640,послушайте,послушать,VERB,_,Aspect=Imp|Mood=Imp|Number=Plur|Person=2|VerbForm=Fin|Voice=Act,_,_,_,@vvp1934m-words#@vvp1934m#2452.524#2452.787
641,/,/,PUNCT,_,_,_,_,_,@vvp1934m-words#@vvp1934m#2452.787#2453.05
642,когда,когда,SCONJ,_,_,_,_,_,@vvp1934m-words#@vvp1934m#2453.05#2453.313
643,я,я,PRON,_,Case=Nom|Number=Sing|Person=1,_,_,_,@vvp1934m-words#@vvp1934m#2453.313#2453.576
644,сделал,сделать,VERB,_,Aspect=Perf|Gender=Masc|Mood=Ind|Number=Sing|Tense=Past|VerbForm=Fin|Voice=Act,_,_,_,@vvp1934m-words#@vvp1934m#2453.576#2453.839
645,фильм,фильм,NOUN,_,Animacy=Inan|Case=Acc|Gender=Masc|Number=Sing,_,_,_,@vvp1934m-words#@vvp1934m#2453.839#2454.102
646,о,о,ADP,_,_,_,_,_,@vvp1934m-words#@vvp1934m#2454.102#2454.365
647,Франции,Франция,PROPN,_,Animacy=Inan|Case=Loc|Gender=Fem|Number=Sing,_,_,_,@vvp1934m-words#@vvp1934m#2454.365#2454.628
648,/,/,PUNCT,_,_,_,_,_,@vvp1934m-words#@vvp1934m#2454.628#2454.891
649,эмм,эм,INTJ,_,_,_,_,_,@vvp1934m-words#@vvp1934m#2454.891#2455.154
650,/,/,PUNCT,_,_,_,_,_,@vvp1934m-words#@vvp1934m#2455.154#2455.417
651,многие,многий,DET,_,"Case=Nom|Number=Plur
",_,_,_,@vvp1934m-words#@vvp1934m#2455.417#2455.68
652,говорили,говорить,VERB,_,Aspect=Imp|Mood=Ind|Number=Plur|Tense=Past|VerbForm=Fin|Voice=Act,_,_,_,@vvp1934m-words#@vvp1934m#2455.68#2455.943
653,/,/,PUNCT,_,_,_,_,_,@vvp1934m-words#@vvp1934m#2455.943#2456.206
654,что,что,SCONJ,_,_,_,_,_,@vvp1934m-words#@vvp1934m#2456.206#2456.469
655,чувствуется,чувствовать,VERB,_,Aspect=Imp|Mood=Ind|Number=Sing|Person=3|Tense=Pres|VerbForm=Fin|Voice=Pass,_,_,_,@vvp1934m-words#@vvp1934m#2456.469#2456.732
656,моя,мой,DET,_,Case=Nom|Gender=Fem|Number=Sing,_,_,_,@vvp1934m-words#@vvp1934m#2456.732#2456.995
657,любовь,любовь,NOUN,_,Animacy=Inan|Case=Nom|Gender=Fem|Number=Sing,_,_,_,@vvp1934m-words#@vvp1934m#2456.995#2457.258
658,к,к,ADP,_,_,_,_,_,@vvp1934m-words#@vvp1934m#2457.258#2457.521
659,этой,этот,DET,_,Case=Dat|Gender=Fem|Number=Sing,_,_,_,@vvp1934m-words#@vvp1934m#2457.521#2457.784
660,стране,страна,NOUN,_,Animacy=Inan|Case=Dat|Gender=Fem|Number=Sing,_,_,_,@vvp1934m-words#@vvp1934m#2457.784#2458.05
661,и,и,CCONJ,_,_,_,_,_,@vvp1934m-words#@vvp1934m#2458.35#2458.725
662,ничего,ничто,PRON,_,Case=Gen,_,_,_,@vvp1934m-words#@vvp1934m#2458.725#2459.1
663,это,это,"PART
",_,_,_,_,_,@vvp1934m-words#@vvp1934m#2459.75#2460.195
664,ничего,ничто,PRON,_,Case=Gen,_,_,_,@vvp1934m-words#@vvp1934m#2460.195#2460.64
665,а,а,CCONJ,_,_,_,_,_,@vvp1934m-words#@vvp1934m#2460.78#2461.036
666,вот,вот,PART,_,_,_,_,_,@vvp1934m-words#@vvp1934m#2461.036#2461.292
667,если,если,SCONJ,_,_,_,_,_,@vvp1934m-words#@vvp1934m#2461.292#2461.548
668,чувствуется,чувствовать,VERB,_,Aspect=Imp|Mood=Ind|Number=Sing|Person=3|Tense=Pres|VerbForm=Fin|Voice=Pass,_,_,_,@vvp1934m-words#@vvp1934m#2461.548#2461.804
669,нелюбовь,нелюбовь,NOUN,_,Animacy=Inan|Case=Nom|Gender=Fem|Number=Sing,_,_,_,@vvp1934m-words#@vvp1934m#2461.804#2462.06
670,/,/,PUNCT,_,_,_,_,_,@vvp1934m-words#@vvp1934m#2462.06#2462.316
671,то,то,SCONJ,_,_,_,_,_,@vvp1934m-words#@vvp1934m#2462.316#2462.572
672,это,это,"PART
",_,_,_,_,_,@vvp1934m-words#@vvp1934m#2462.572#2462.828
673,чего,что,PRON,_,Case=Gen,_,_,_,@vvp1934m-words#@vvp1934m#2462.828#2463.09
674,я,я,PRON,_,Case=Nom|Number=Sing|Person=1,_,_,_,@vvp1934m-words#@vvp1934m#2463.31#2463.552
675,с,с,ADP,_,_,_,_,_,@vvp1934m-words#@vvp1934m#2463.552#2463.794
676,этим,это,PRON,_,Case=Ins|Gender=Neut|Number=Sing,_,_,_,@vvp1934m-words#@vvp1934m#2463.794#2464.036
677,не,не,PART,_,Polarity=Neg,_,_,_,@vvp1934m-words#@vvp1934m#2464.036#2464.278
678,согласен,согласный,ADJ,_,Degree=Pos|Gender=Masc|Number=Sing|Variant=Short,_,_,_,@vvp1934m-words#@vvp1934m#2464.278#2464.52
679,да,да,INTJ,_,_,_,_,_,@vvp1934m-words#@vvp1934m#2469.67#2470.41
680,конечно,конечно,"ADV
",_,_,_,_,_,@vvp1934m-words#@vvp1934m#2472.05#2472.53
681,и,и,"CCONJ
",_,_,_,_,_,@vvp1934m-words#@vvp1934m#2472.53#2472.842
682,ваши,ваш,DET,_,Case=Nom|Number=Plur,_,_,_,@vvp1934m-words#@vvp1934m#2472.842#2473.154
683,коллеги,коллега,NOUN,_,Animacy=Anim|Case=Nom|Gender=Masc|Number=Plur,_,_,_,@vvp1934m-words#@vvp1934m#2473.154#2473.466
684,тоже,тоже,PART,_,_,_,_,_,@vvp1934m-words#@vvp1934m#2473.466#2473.78
685,вы,вы,PRON,_,Case=Nom|Number=Plur|Person=2,_,_,_,@vvp1934m-words#@vvp1934m#2474.22#2474.461
686,можете,мочь,VERB,_,Aspect=Imp|Mood=Ind|Number=Plur|Person=2|Tense=Pres|VerbForm=Fin|Voice=Act,_,_,_,@vvp1934m-words#@vvp1934m#2474.461#2474.702
687,сколько,сколько,NUM,_,_,_,_,_,@vvp1934m-words#@vvp1934m#2474.702#2474.943
688,угодно,угодно,ADV,_,_,_,_,_,@vvp1934m-words#@vvp1934m#2474.943#2475.184
689,делать,делать,VERB,_,Aspect=Imp|VerbForm=Inf|Voice=Act,_,_,_,@vvp1934m-words#@vvp1934m#2475.184#2475.425
690,вид,вид,NOUN,_,Animacy=Inan|Case=Acc|Gender=Masc|Number=Sing,_,_,_,@vvp1934m-words#@vvp1934m#2475.425#2475.666
691,/,/,PUNCT,_,_,_,_,_,@vvp1934m-words#@vvp1934m#2475.666#2475.907
692,но,но,CCONJ,_,_,_,_,_,@vvp1934m-words#@vvp1934m#2475.907#2476.148
693,тем,то,PRON,_,Case=Ins|Gender=Neut|Number=Sing,_,_,_,@vvp1934m-words#@vvp1934m#2476.148#2476.389
694,не,не,PART,_,Polarity=Neg,_,_,_,@vvp1934m-words#@vvp1934m#2476.389#2476.63
695,менее,менее,ADV,_,Degree=Cmp,_,_,_,@vvp1934m-words#@vvp1934m#2476.63#2476.88
696,так,так,PART,_,_,_,_,_,@vvp1934m-words#@vvp1934m#2477.18#2477.434
697,/,/,PUNCT,_,_,_,_,_,@vvp1934m-words#@vvp1934m#2477.434#2477.688
698,значит,значит,"PART
",_,"_
",_,_,_,@vvp1934m-words#@vvp1934m#2477.688#2477.942
699,/,/,PUNCT,_,_,_,_,_,@vvp1934m-words#@vvp1934m#2477.942#2478.196
700,ну,ну,PART,_,_,_,_,_,@vvp1934m-words#@vvp1934m#2478.196#2478.45
701,/,/,PUNCT,_,_,_,_,_,@vvp1934m-words#@vvp1934m#2478.45#2478.704
702,вы,вы,PRON,_,Case=Nom|Number=Plur|Person=2,_,_,_,@vvp1934m-words#@vvp1934m#2478.704#2478.958
703,это,это,PRON,_,Case=Nom|Gender=Neut|Number=Sing,_,_,_,@vvp1934m-words#@vvp1934m#2478.958#2479.212
704,расцениваете,расценивать,VERB,_,Aspect=Imp|Mood=Ind|Number=Plur|Person=2|Tense=Pres|VerbForm=Fin|Voice=Act,_,_,_,@vvp1934m-words#@vvp1934m#2479.212#2479.466
705,как,как,SCONJ,_,_,_,_,_,@vvp1934m-words#@vvp1934m#2479.466#2479.72
706,провал,провал,NOUN,_,Animacy=Inan|Case=Acc|Gender=Masc|Number=Sing,_,_,_,@vvp1934m-words#@vvp1934m#2479.72#2479.98
707,и,и,"CCONJ
",_,_,_,_,_,@vvp1934m-words#@vvp1934m#2480.09#2480.34
708,это,это,PART,_,_,_,_,_,@vvp1934m-words#@vvp1934m#2480.34#2480.59
709,ваше,ваш,DET,_,Case=Nom|Gender=Neut|Number=Sing,_,_,_,@vvp1934m-words#@vvp1934m#2480.59#2480.84
710,право,право,NOUN,_,Animacy=Inan|Case=Nom|Gender=Neut|Number=Sing,_,_,_,@vvp1934m-words#@vvp1934m#2480.84#2481.09
711,вот,вот,PART,_,_,_,_,_,@vvp1934m-words#@vvp1934m#2481.21#2481.42
712,/,/,PUNCT,_,_,_,_,_,@vvp1934m-words#@vvp1934m#2481.42#2481.63
713,что,что,PRON,_,Case=Nom,_,_,_,@vvp1934m-words#@vvp1934m#2481.63#2481.84
714,важно,важный,ADJ,_,Degree=Pos|Gender=Neut|Number=Sing|Variant=Short,_,_,_,@vvp1934m-words#@vvp1934m#2481.84#2482.05
715,да,да,INTJ,_,_,_,_,_,@vvp1934m-words#@vvp1934m#2483.78#2484.14
716,да,да,INTJ,_,_,_,_,_,@vvp1934m-words#@vvp1934m#2490.74#2490.99
717,да,да,INTJ,_,_,_,_,_,@vvp1934m-words#@vvp1934m#2493.86#2494.07
718,да,да,INTJ,_,_,_,_,_,@vvp1934m-words#@vvp1934m#2496.0#2496.4
719,правда,правда,PART,_,_,_,_,_,@vvp1934m-words#@vvp1934m#2497.55#2498.08
720,да,да,"INTJ
",_,_,_,_,_,@vvp1934m-words#@vvp1934m#2506.34#2506.75
721,#цокает#,#цокает#,X,_,,_,_,_,@vvp1934m-words#@vvp1934m#2521.8#2522.23
722,это,это,PART,_,"_
",_,_,_,@vvp1934m-words#@vvp1934m#2527.88#2528.155
723,/,/,PUNCT,_,_,_,_,_,@vvp1934m-words#@vvp1934m#2528.155#2528.43
724,и,и,CCONJ,_,_,_,_,_,@vvp1934m-words#@vvp1934m#2528.43#2528.705
725,так,так,ADV,_,_,_,_,_,@vvp1934m-words#@vvp1934m#2528.705#2528.98
726,/,/,PUNCT,_,_,_,_,_,@vvp1934m-words#@vvp1934m#2528.98#2529.255
727,и,и,CCONJ,_,_,_,_,_,@vvp1934m-words#@vvp1934m#2529.255#2529.53
728,не,не,PART,_,Polarity=Neg,_,_,_,@vvp1934m-words#@vvp1934m#2529.53#2529.805
729,так,так,ADV,_,_,_,_,_,@vvp1934m-words#@vvp1934m#2529.805#2530.08
730,значит,значит,PART,_,_,_,_,_,@vvp1934m-words#@vvp1934m#2530.14#2530.482
731,/,/,PUNCT,_,_,_,_,_,@vvp1934m-words#@vvp1934m#2530.482#2530.824
732,Германия,Германия,PROPN,_,Animacy=Inan|Case=Nom|Gender=Fem|Number=Sing,_,_,_,@vvp1934m-words#@vvp1934m#2530.824#2531.166
733,меня,я,PRON,_,Case=Acc|Number=Sing|Person=1,_,_,_,@vvp1934m-words#@vvp1934m#2531.166#2531.508
734,/,/,PUNCT,_,_,_,_,_,@vvp1934m-words#@vvp1934m#2531.508#2531.85
735,во-первых,во-первых,ADV,_,_,_,_,_,@vvp1934m-words#@vvp1934m#2531.85#2532.192
736,/,/,PUNCT,_,_,_,_,_,@vvp1934m-words#@vvp1934m#2532.192#2532.534
737,коснулась,коснуться,VERB,_,Aspect=Perf|Gender=Fem|Mood=Ind|Number=Sing|Tense=Past|VerbForm=Fin|Voice=Mid,_,_,_,@vvp1934m-words#@vvp1934m#2532.534#2532.876
738,непосредственно,непосредственно,ADV,_,_,_,_,_,@vvp1934m-words#@vvp1934m#2532.876#2533.218
739,/,/,PUNCT,_,_,_,_,_,@vvp1934m-words#@vvp1934m#2533.218#2533.56
740,ээ,эээ,INTJ,_,_,_,_,_,@vvp1934m-words#@vvp1934m#2533.56#2533.902
741,/,/,PUNCT,_,_,_,_,_,@vvp1934m-words#@vvp1934m#2533.902#2534.244
742,расстреляли,расстрелять,VERB,_,Aspect=Perf|Mood=Ind|Number=Plur|Tense=Past|VerbForm=Fin|Voice=Act,_,_,_,@vvp1934m-words#@vvp1934m#2534.244#2534.586
743,моего,мой,DET,_,Case=Acc|Gender=Masc|Number=Sing,_,_,_,@vvp1934m-words#@vvp1934m#2534.586#2534.928
744,деда,дед,NOUN,_,Animacy=Anim|Case=Acc|Gender=Masc|Number=Sing,_,_,_,@vvp1934m-words#@vvp1934m#2534.928#2535.27
745,/,/,PUNCT,_,_,_,_,_,@vvp1934m-words#@vvp1934m#2535.27#2535.612
746,немцы,немец,NOUN,_,Animacy=Anim|Case=Nom|Gender=Masc|Number=Plur,_,_,_,@vvp1934m-words#@vvp1934m#2535.612#2535.954
747,/,/,PUNCT,_,_,_,_,_,@vvp1934m-words#@vvp1934m#2535.954#2536.296
748,за,за,ADP,_,_,_,_,_,@vvp1934m-words#@vvp1934m#2536.296#2536.638
749,то,то,PRON,_,Case=Acc|Gender=Neut|Number=Sing,_,_,_,@vvp1934m-words#@vvp1934m#2536.638#2536.98
750,/,/,PUNCT,_,_,_,_,_,@vvp1934m-words#@vvp1934m#2536.98#2537.322
751,что,что,SCONJ,_,_,_,_,_,@vvp1934m-words#@vvp1934m#2537.322#2537.664
752,фамилия,фамилия,NOUN,_,Animacy=Inan|Case=Nom|Gender=Fem|Number=Sing,_,_,_,@vvp1934m-words#@vvp1934m#2537.664#2538.006
753,его,его,DET,_,_,_,_,_,@vvp1934m-words#@vvp1934m#2538.006#2538.348
754,Познер,Познер,PROPN,_,Animacy=Anim|Case=Nom|Gender=Masc|Number=Sing,_,_,_,@vvp1934m-words#@vvp1934m#2538.348#2538.69
755,ээ,эээ,INTJ,_,_,_,_,_,@vvp1934m-words#@vvp1934m#2539.25#2539.597
756,ближайший,близкий,ADJ,_,Case=Nom|Degree=Sup|Gender=Masc|Number=Sing,_,_,_,@vvp1934m-words#@vvp1934m#2539.597#2539.944
757,друг,друг,NOUN,_,Animacy=Anim|Case=Nom|Gender=Masc|Number=Sing,_,_,_,@vvp1934m-words#@vvp1934m#2539.944#2540.291
758,моего,мой,DET,_,Case=Gen|Gender=Masc|Number=Sing,_,_,_,@vvp1934m-words#@vvp1934m#2540.291#2540.638
759,отца,отец,NOUN,_,Animacy=Anim|Case=Gen|Gender=Masc|Number=Sing,_,_,_,@vvp1934m-words#@vvp1934m#2540.638#2540.985
760,/,/,PUNCT,_,_,_,_,_,@vvp1934m-words#@vvp1934m#2540.985#2541.332
761,кончил,кончить,VERB,_,Aspect=Perf|Gender=Masc|Mood=Ind|Number=Sing|Tense=Past|VerbForm=Fin|Voice=Act,_,_,_,@vvp1934m-words#@vvp1934m#2541.332#2541.679
762,в,в,ADP,_,_,_,_,_,@vvp1934m-words#@vvp1934m#2541.679#2542.026
763,газовой,газовый,ADJ,_,Case=Loc|Degree=Pos|Gender=Fem|Number=Sing,_,_,_,@vvp1934m-words#@vvp1934m#2542.026#2542.373
764,камере,камера,NOUN,_,Animacy=Inan|Case=Loc|Gender=Fem|Number=Sing,_,_,_,@vvp1934m-words#@vvp1934m#2542.373#2542.72
765,эмм,эм,INTJ,_,_,_,_,_,@vvp1934m-words#@vvp1934m#2543.56#2544.01
766,/,/,PUNCT,_,_,_,_,_,@vvp1934m-words#@vvp1934m#2544.01#2544.46
767,и,и,CCONJ,_,_,_,_,_,@vvp1934m-words#@vvp1934m#2544.46#2544.91
768,там,там,ADV,_,_,_,_,_,@vvp1934m-words#@vvp1934m#2544.91#2545.36
769,/,/,PUNCT,_,_,_,_,_,@vvp1934m-words#@vvp1934m#2545.36#2545.81
770,это,это,PART,_,_,_,_,_,@vvp1934m-words#@vvp1934m#2545.81#2546.26
771,была,быть,AUX,_,Aspect=Imp|Gender=Fem|Mood=Ind|Number=Sing|Tense=Past|VerbForm=Fin|Voice=Act,_,_,_,@vvp1934m-words#@vvp1934m#2546.26#2546.71
772,преднамеренная,преднамеренный,ADJ,_,Case=Num|Degree=Pos|Gender=Fem|Number=Sing,_,_,_,@vvp1934m-words#@vvp1934m#2546.71#2547.16
773,ээ,эээ,INTJ,_,_,_,_,_,@vvp1934m-words#@vvp1934m#2547.84#2548.27
774,это,это,PART,_,_,_,_,_,@vvp1934m-words#@vvp1934m#2548.27#2548.7
775,было,быть,AUX,_,Aspect=Imp|Gender=Neut|Mood=Ind|Number=Sing|Tense=Past|VerbForm=Fin|Voice=Act,_,_,_,@vvp1934m-words#@vvp1934m#2548.7#2549.13
776,преднамеренное,преднамеренный,ADJ,_,Case=Nom|Degree=Pos|Gender=Neut|Number=Sing,_,_,_,@vvp1934m-words#@vvp1934m#2549.13#2549.56
777,желание,желание,NOUN,_,Animacy=Inan|Case=Nom|Gender=Neut|Number=Sing,_,_,_,@vvp1934m-words#@vvp1934m#2549.56#2549.99
778,уничтожить,уничтожить,VERB,_,Aspect=Perf|VerbForm=Inf|Voice=Act,_,_,_,@vvp1934m-words#@vvp1934m#2549.99#2550.42
779,/,/,PUNCT,_,_,_,_,_,@vvp1934m-words#@vvp1934m#2550.42#2550.85
780,это,это,"PART
",_,_,_,_,_,@vvp1934m-words#@vvp1934m#2550.85#2551.28
781,была,быть,AUX,_,Aspect=Imp|Gender=Fem|Mood=Ind|Number=Sing|Tense=Past|VerbForm=Fin|Voice=Act,_,_,_,@vvp1934m-words#@vvp1934m#2551.28#2551.71
782,задача,задача,NOUN,_,Animacy=Inan|Case=Nom|Gender=Fem|Number=Sing,_,_,_,@vvp1934m-words#@vvp1934m#2551.71#2552.14
783,/,/,PUNCT,_,_,_,_,_,@vvp1934m-words#@vvp1934m#2552.14#2552.57
784,уничтожить,уничтожить,VERB,_,Aspect=Perf|VerbForm=Inf|Voice=Act,_,_,_,@vvp1934m-words#@vvp1934m#2552.57#2553.0
785,всех,весь,DET,_,Case=Acc|Number=Plur,_,_,_,@vvp1934m-words#@vvp1934m#2553.0#2553.43
786,евреев,еврей,NOUN,_,Case=Acc|Gender=Masc|Number=Plur,_,_,_,@vvp1934m-words#@vvp1934m#2553.43#2553.86
787,это,это,PRON,_,Animacy=Inan|Case=Nom|Gender=Neut|Number=Sing,_,_,_,@vvp1934m-words#@vvp1934m#2554.37#2554.781
788,было,быть,AUX,_,Aspect=Imp|Gender=Neut|Mood=Ind|Number=Sing|Tense=Past|VerbForm=Fin|Voice=Act,_,_,_,@vvp1934m-words#@vvp1934m#2554.781#2555.192
789,прямо,прямо,ADV,_,Degree=Pos,_,_,_,@vvp1934m-words#@vvp1934m#2555.192#2555.603
790,так,так,ADV,_,Degree=Pos,_,_,_,@vvp1934m-words#@vvp1934m#2555.603#2556.014
791,поставлено,поставить,VERB,_,Aspect=Perf|Gender=Neut|Number=Sing|Tense=Past|Variant=Short|VerbForm=Part|Voice=Pass,_,_,_,@vvp1934m-words#@vvp1934m#2556.014#2556.425
792,/,/,PUNCT,_,_,_,_,_,@vvp1934m-words#@vvp1934m#2556.425#2556.836
793,окончательное,окончательный,ADJ,_,Case=Nom|Degree=Pos|Gender=Neut|Number=Sing,_,_,_,@vvp1934m-words#@vvp1934m#2556.836#2557.247
794,решение,решение,NOUN,_,Animacy=Inan|Case=Nom|Gender=Neut|Number=Sing,_,_,_,@vvp1934m-words#@vvp1934m#2557.247#2557.658
795,еврейского,еврейский,ADJ,_,Case=Gen|Degree=Pos|Gender=Masc|Number=Sing,_,_,_,@vvp1934m-words#@vvp1934m#2557.658#2558.069
796,вопроса,вопрос,NOUN,_,Animacy=Inan|Case=Gen|Gender=Masc|Number=Sing,_,_,_,@vvp1934m-words#@vvp1934m#2558.069#2558.48
797,ну,ну,PART,_,_,_,_,_,@vvp1934m-words#@vvp1934m#2558.71#2559.059
798,а,а,CCONJ,_,_,_,_,_,@vvp1934m-words#@vvp1934m#2559.059#2559.408
799,заодно,заодно,ADV,_,_,_,_,_,@vvp1934m-words#@vvp1934m#2559.408#2559.757
800,/,/,PUNCT,_,_,_,_,_,@vvp1934m-words#@vvp1934m#2559.757#2560.106
801,ээ,эээ,INTJ,_,_,_,_,_,@vvp1934m-words#@vvp1934m#2560.106#2560.455
802,и,и,CCONJ,_,_,_,_,_,@vvp1934m-words#@vvp1934m#2560.455#2560.804
803,более,более,ADV,_,Degree=Cmp,_,_,_,@vvp1934m-words#@vvp1934m#2560.804#2561.153
804,/,/,PUNCT,_,_,_,_,_,@vvp1934m-words#@vvp1934m#2561.153#2561.502
805,второстепенные,второстепенный,ADJ,_,Case=Nom|Degree=Pos|Number=Plur,_,_,_,@vvp1934m-words#@vvp1934m#2561.502#2561.851
806,нации,нация,NOUN,_,Animacy=Inan|Case=Nom|Gender=Fem|Number=Plur,_,_,_,@vvp1934m-words#@vvp1934m#2561.851#2562.2
807,/,/,PUNCT,_,_,_,_,_,@vvp1934m-words#@vvp1934m#2562.2#2562.549
808,как,как,SCONJ,_,_,_,_,_,@vvp1934m-words#@vvp1934m#2562.549#2562.898
809,то,тот,PRON,_,Case=Nom|Gender=Neut|Number=Sing,_,_,_,@vvp1934m-words#@vvp1934m#2562.898#2563.247
810,/,/,PUNCT,_,_,_,_,_,@vvp1934m-words#@vvp1934m#2563.247#2563.596
811,славяне,славянин,NOUN,_,Animacy=Anim|Case=Nom|Gender=Masc|Number=Plur,_,_,_,@vvp1934m-words#@vvp1934m#2563.596#2563.945
812,/,/,PUNCT,_,_,_,_,_,@vvp1934m-words#@vvp1934m#2563.945#2564.294
813,которых,который,PRON,_,Case=Gen|Number=Plur,_,_,_,@vvp1934m-words#@vvp1934m#2564.294#2564.643
814,надо,надо,"PRED
",_,_,_,_,_,@vvp1934m-words#@vvp1934m#2564.643#2564.992
815,использовать,использовать,VERB,_,Aspect=Imp|VerbForm=Inf|Voice=Act,_,_,_,@vvp1934m-words#@vvp1934m#2564.992#2565.341
816,как,как,SCONJ,_,_,_,_,_,@vvp1934m-words#@vvp1934m#2565.341#2565.69
817,рабочую,рабочий,ADJ,_,Case=Acc|Degree=Pos|Gender=Fem|Number=Sing,_,_,_,@vvp1934m-words#@vvp1934m#2565.69#2566.039
818,силу,сила,NOUN,_,Animacy=Inan|Case=Acc|Gender=Fem|Number=Sing,_,_,_,@vvp1934m-words#@vvp1934m#2566.039#2566.388
819,/,/,PUNCT,_,_,_,_,_,@vvp1934m-words#@vvp1934m#2566.388#2566.737
820,пока,пока,"SCONJ
",_,_,_,_,_,@vvp1934m-words#@vvp1934m#2566.737#2567.086
821,они,они,PRON,_,Case=Nom|Number=Plur|Person=3,_,_,_,@vvp1934m-words#@vvp1934m#2567.086#2567.435
822,не,не,PART,_,Polarity=Neg,_,_,_,@vvp1934m-words#@vvp1934m#2567.435#2567.784
823,сдохли,сдохнуть,VERB,_,Aspect=Perf|Mood=Ind|Number=Plur|Tense=Past|VerbForm=Fin|Voice=Act,_,_,_,@vvp1934m-words#@vvp1934m#2567.784#2568.133
824,от,от,ADP,_,_,_,_,_,@vvp1934m-words#@vvp1934m#2568.133#2568.482
825,голода,голод,NOUN,_,Animacy=Inan|Case=Gen|Gender=Masc|Number=Sing,_,_,_,@vvp1934m-words#@vvp1934m#2568.482#2568.831
826,/,/,PUNCT,_,_,_,_,_,@vvp1934m-words#@vvp1934m#2568.831#2569.18
827,и,и,CCONJ,_,_,_,_,_,@vvp1934m-words#@vvp1934m#2569.18#2569.529
828,тогда,тогда,ADV,_,_,_,_,_,@vvp1934m-words#@vvp1934m#2569.529#2569.878
829,можно,можно,PRED,_,_,_,_,_,@vvp1934m-words#@vvp1934m#2569.878#2570.227
830,других,другой,NUM,_,"Case=Acc|Number=Plur
",_,_,_,@vvp1934m-words#@vvp1934m#2570.227#2570.59
831,ээ,эээ,INTJ,_,_,_,_,_,@vvp1934m-words#@vvp1934m#2571.65#2571.974
832,тот,тот,DET,_,Case=Acc|Gender=Masc|Number=Sing,_,_,_,@vvp1934m-words#@vvp1934m#2571.974#2572.298
833,ужас,ужас,NOUN,_,Animacy=Inan|Case=Acc|Gender=Masc|Number=Sing,_,_,_,@vvp1934m-words#@vvp1934m#2572.298#2572.622
834,/,/,PUNCT,_,_,_,_,_,@vvp1934m-words#@vvp1934m#2572.622#2572.946
835,который,который,PRON,_,Case=Nom|Gender=Masc|Number=Sing,_,_,_,@vvp1934m-words#@vvp1934m#2572.946#2573.27
836,творился,твориться,VERB,_,Aspect=Imp|Gender=Masc|Mood=Ind|Number=Sing|Tense=Past|VerbForm=Fin|Voice=Mid,_,_,_,@vvp1934m-words#@vvp1934m#2573.27#2573.594
837,в,в,ADP,_,_,_,_,_,@vvp1934m-words#@vvp1934m#2573.594#2573.918
838,советском,Советский,PROPN,_,Case=Loc|Degree=Pos|Gender=Masc|Number=Sing,_,_,_,@vvp1934m-words#@vvp1934m#2573.918#2574.242
839,союзе,Союз,PROPN,_,Animacy=Inan|Case=Loc|Gender=Masc|Number=Sing,_,_,_,@vvp1934m-words#@vvp1934m#2574.242#2574.57
840,ужас,ужас,NOUN,_,Animacy=Inan|Case=Nom|Gender=Masc|Number=Sing,_,_,_,@vvp1934m-words#@vvp1934m#2574.9#2575.43
841,ээ,эээ,INTJ,_,_,_,_,_,@vvp1934m-words#@vvp1934m#2576.23#2576.656
842,/,/,PUNCT,_,_,_,_,_,@vvp1934m-words#@vvp1934m#2576.656#2577.082
843,имел,иметь,VERB,_,Aspect=Imp|Gender=Masc|Mood=Ind|Number=Sing|Tense=Past|VerbForm=Fin|Voice=Act,_,_,_,@vvp1934m-words#@vvp1934m#2577.082#2577.508
844,другое,другой,ADJ,_,Case=Acc|Degree=Pos|Gender=Neut|Number=Sing,_,_,_,@vvp1934m-words#@vvp1934m#2577.508#2577.934
845,направление,направление,NOUN,_,Animacy=Inan|Case=Acc|Gender=Neut|Number=Sing,_,_,_,@vvp1934m-words#@vvp1934m#2577.934#2578.36
846,ээ,эээ,INTJ,_,_,_,_,_,@vvp1934m-words#@vvp1934m#2579.73#2580.033
847,от,от,ADP,_,_,_,_,_,@vvp1934m-words#@vvp1934m#2580.033#2580.336
848,этого,это,PRON,_,Case=Gen|Gender=Neut|Number=Sing,_,_,_,@vvp1934m-words#@vvp1934m#2580.336#2580.639
849,не,не,PART,_,Polarity=Neg,_,_,_,@vvp1934m-words#@vvp1934m#2580.639#2580.942
850,легче,легко,ADV,_,Degree=Cmp,_,_,_,@vvp1934m-words#@vvp1934m#2580.942#2581.245
851,тем,тот,DET,_,Case=Ins|Gender=Masc|Number=Sing,_,_,_,@vvp1934m-words#@vvp1934m#2581.245#2581.548
852,/,/,PUNCT,_,_,_,_,_,@vvp1934m-words#@vvp1934m#2581.548#2581.851
853,которые,который,PRON,_,Case=Nom|Number=Plur,_,_,_,@vvp1934m-words#@vvp1934m#2581.851#2582.154
854,погибли,погибнуть,VERB,_,Aspect=Perf|Mood=Ind|Number=Plur|Tense=Past|VerbForm=Fin|Voice=Act,_,_,_,@vvp1934m-words#@vvp1934m#2582.154#2582.457
855,/,/,PUNCT,_,_,_,_,_,@vvp1934m-words#@vvp1934m#2582.457#2582.76
856,но,но,CCONJ,_,_,_,_,_,@vvp1934m-words#@vvp1934m#2582.76#2583.063
857,мое,мой,DET,_,Case=Nom|Gender=Neut|Number=Sing,_,_,_,@vvp1934m-words#@vvp1934m#2583.063#2583.366
858,отношение,отношение,NOUN,_,Animacy=Inan|Case=Nom|Gender=Neut|Number=Sing,_,_,_,@vvp1934m-words#@vvp1934m#2583.366#2583.669
859,к,к,ADP,_,_,_,_,_,@vvp1934m-words#@vvp1934m#2583.669#2583.972
860,этому,этот,DET,_,Case=Dat|Gender=Neut|Number=Sing,_,_,_,@vvp1934m-words#@vvp1934m#2583.972#2584.275
861,другое,другой,ADJ,_,Case=Nom|Degree=Pos|Gender=Neut|Number=Sing,_,_,_,@vvp1934m-words#@vvp1934m#2584.275#2584.59
862,ээ,эээ,INTJ,_,_,_,_,_,@vvp1934m-words#@vvp1934m#2585.63#2586.068
863,кроме,кроме,ADP,_,_,_,_,_,@vvp1934m-words#@vvp1934m#2586.068#2586.506
864,того,то,PRON,_,Case=Gen|Gender=Neut|Number=Sing,_,_,_,@vvp1934m-words#@vvp1934m#2586.506#2586.944
865,/,/,PUNCT,_,_,_,_,_,@vvp1934m-words#@vvp1934m#2586.944#2587.382
866,здесь,здесь,ADV,_,"_
",_,_,_,@vvp1934m-words#@vvp1934m#2587.382#2587.82
867,все-таки,все-таки,PART,_,_,_,_,_,@vvp1934m-words#@vvp1934m#2587.82#2588.258
868,был,быть,VERB,_,Aspect=Imp|Gender=Masc|Mood=Ind|Number=Sing|Tense=Past|VerbForm=Fin|Voice=Act,_,_,_,@vvp1934m-words#@vvp1934m#2588.258#2588.696
869,двадцатый,двадцатый,"NUM
",_,Case=Nom|Gender=Masc|Number=Sing,_,_,_,@vvp1934m-words#@vvp1934m#2588.696#2589.134
870,съезд,съезд,NOUN,_,Animacy=Inan|Case=Nom|Gender=Masc|Number=Sing,_,_,_,@vvp1934m-words#@vvp1934m#2589.134#2589.58
871,все-таки,все-таки,PART,_,_,_,_,_,@vvp1934m-words#@vvp1934m#2590.42#2590.94
872,было,быть,VERB,_,Aspect=Imp|Gender=Neut|Mood=Ind|Number=Sing|Tense=Past|VerbForm=Fin|Voice=Act,_,_,_,@vvp1934m-words#@vvp1934m#2590.94#2591.46
873,выступление,выступление,NOUN,_,Animacy=Inan|Case=Nom|Gender=Neut|Number=Sing,_,_,_,@vvp1934m-words#@vvp1934m#2591.46#2591.98
874,Хрущева,Хрущев,PROPN,_,Animacy=Anim|Case=Gen|Gender=Masc|Number=Sing,_,_,_,@vvp1934m-words#@vvp1934m#2591.98#2592.5
875,аэ,ааа,INTJ,_,_,_,_,_,@vvp1934m-words#@vvp1934m#2593.25#2593.622
876,все-таки,все-таки,PART,_,_,_,_,_,@vvp1934m-words#@vvp1934m#2593.622#2593.994
877,очень,очень,ADV,_,_,_,_,_,@vvp1934m-words#@vvp1934m#2593.994#2594.366
878,многих,многий,NUM,_,"Case=Acc|Number=Plur
",_,_,_,@vvp1934m-words#@vvp1934m#2594.366#2594.738
879,вернули,вернуть,VERB,_,Aspect=Perf|Mood=Ind|Number=Plur|Tense=Past|VerbForm=Fin|Voice=Act,_,_,_,@vvp1934m-words#@vvp1934m#2594.738#2595.11
880,/,/,PUNCT,_,_,_,_,_,@vvp1934m-words#@vvp1934m#2595.11#2595.482
881,которые,который,PRON,_,Case=Nom|Number=Plur,_,_,_,@vvp1934m-words#@vvp1934m#2595.482#2595.854
882,б...,б...,"X
",_,_,_,_,_,@vvp1934m-words#@vvp1934m#2595.854#2596.226
883,были,быть,AUX,_,Aspect=Imp|Mood=Ind|Number=Plur|Tense=Past|VerbForm=Fin|Voice=Act,_,_,_,@vvp1934m-words#@vvp1934m#2596.226#2596.598
884,еще,еще,ADV,_,_,_,_,_,@vvp1934m-words#@vvp1934m#2596.598#2596.97
885,живы,живой,ADJ,_,Degree=Pos|Number=Plur|Variant=Short,_,_,_,@vvp1934m-words#@vvp1934m#2596.97#2597.35
886,и,и,CCONJ,_,_,_,_,_,@vvp1934m-words#@vvp1934m#2598.32#2598.615
887,ээ,эээ,INTJ,_,_,_,_,_,@vvp1934m-words#@vvp1934m#2598.615#2598.91
888,поэтому,поэтому,ADV,_,_,_,_,_,@vvp1934m-words#@vvp1934m#2598.91#2599.205
889,мое,мой,DET,_,Case=Acc|Gender=Neut|Number=Sing,_,_,_,@vvp1934m-words#@vvp1934m#2599.205#2599.5
890,отношение,отношение,NOUN,_,Animacy=Inan|Case=Acc|Gender=Neut|Number=Sing,_,_,_,@vvp1934m-words#@vvp1934m#2599.5#2599.795
891,к,к,ADP,_,_,_,_,_,@vvp1934m-words#@vvp1934m#2599.795#2600.09
892,тому,то,PRON,_,Case=Dat|Gender=Neut|Number=Sing,_,_,_,@vvp1934m-words#@vvp1934m#2600.09#2600.385
893,/,/,PUNCT,_,_,_,_,_,@vvp1934m-words#@vvp1934m#2600.385#2600.68
894,что,что,PRON,_,Case=Nom,_,_,_,@vvp1934m-words#@vvp1934m#2600.68#2600.975
895,происходило,происходить,VERB,_,Aspect=Imp|Gender=Neut|Mood=Ind|Number=Sing|Tense=Past|VerbForm=Fin|Voice=Act,_,_,_,@vvp1934m-words#@vvp1934m#2600.975#2601.27
896,здесь,здесь,ADV,_,_,_,_,_,@vvp1934m-words#@vvp1934m#2601.27#2601.565
897,/,/,PUNCT,_,_,_,_,_,@vvp1934m-words#@vvp1934m#2601.565#2601.86
898,не,не,PART,_,Polarity=Neg,_,_,_,@vvp1934m-words#@vvp1934m#2601.86#2602.155
899,такое,такой,DET,_,Case=Nom|Gender=Neut|Number=Sing,_,_,_,@vvp1934m-words#@vvp1934m#2602.155#2602.46
900,как,как,ADV,_,Degree=Pos,_,_,_,@vvp1934m-words#@vvp1934m#2603.38#2603.638
901,т…,т…,"X
",_,_,_,_,_,@vvp1934m-words#@vvp1934m#2603.638#2603.896
902,[нрзб],X,"X
",_,_,_,_,_,@vvp1934m-words#@vvp1934m#2603.896#2604.154
903,к,к,ADP,_,_,_,_,_,@vvp1934m-words#@vvp1934m#2604.154#2604.412
904,тому,то,PRON,_,Animacy=Inan|Case=Dat|Gender=Neut|Number=Sing,_,_,_,@vvp1934m-words#@vvp1934m#2604.412#2604.67
905,/,/,PUNCT,_,_,_,_,_,@vvp1934m-words#@vvp1934m#2604.67#2604.928
906,что,что,PRON,_,Case=Nom,_,_,_,@vvp1934m-words#@vvp1934m#2604.928#2605.186
907,происходило,происходить,VERB,_,Aspect=Imp|Gender=Neut|Mood=Ind|Number=Sing|Tense=Past|VerbForm=Fin|Voice=Act,_,_,_,@vvp1934m-words#@vvp1934m#2605.186#2605.444
908,в,в,ADP,_,_,_,_,_,@vvp1934m-words#@vvp1934m#2605.444#2605.702
909,Германии,Германия,PROPN,_,Animacy=Inan|Case=Loc|Gender=Fem|Number=Sing,_,_,_,@vvp1934m-words#@vvp1934m#2605.702#2605.96
910,и,и,CCONJ,_,_,_,_,_,@vvp1934m-words#@vvp1934m#2606.82#2607.144
911,/,/,PUNCT,_,_,_,_,_,@vvp1934m-words#@vvp1934m#2607.144#2607.468
912,скажу,сказать,VERB,_,Aspect=Perf|Mood=Ind|Number=Sing|Person=1|Tense=Fut|VerbForm=Fin|Voice=Act,_,_,_,@vvp1934m-words#@vvp1934m#2607.468#2607.792
913,я,я,PRON,_,Case=Nom|Number=Sing|Person=1,_,_,_,@vvp1934m-words#@vvp1934m#2607.792#2608.116
914,больше,больше,ADV,_,Degree=Cmp,_,_,_,@vvp1934m-words#@vvp1934m#2608.116#2608.44
915,/,/,PUNCT,_,_,_,_,_,@vvp1934m-words#@vvp1934m#2608.44#2608.764
916,я,я,PRON,_,Case=Nom|Number=Sing|Person=1,_,_,_,@vvp1934m-words#@vvp1934m#2608.764#2609.088
917,не,не,PART,_,_,_,_,_,@vvp1934m-words#@vvp1934m#2609.088#2609.412
918,делаю,делать,VERB,_,Aspect=Imp|Mood=Ind|Number=Sing|Person=1|Tense=Pres|VerbForm=Fin|Voice=Act,_,_,_,@vvp1934m-words#@vvp1934m#2609.412#2609.736
919,фильма,фильм,NOUN,_,Animacy=Inan|Case=Gen|Gender=Masc|Number=Sing,_,_,_,@vvp1934m-words#@vvp1934m#2609.736#2610.06
920,/,/,PUNCT,_,_,_,_,_,@vvp1934m-words#@vvp1934m#2610.06#2610.384
921,России,Россия,PROPN,_,Animacy=Inan|Case=Gen|Gender=Fem|Number=Sing,_,_,_,@vvp1934m-words#@vvp1934m#2610.384#2610.71
922,а,а,CCONJ,_,_,_,_,_,@vvp1934m-words#@vvp1934m#2611.61#2611.867
923,если,если,SCONJ,_,_,_,_,_,@vvp1934m-words#@vvp1934m#2611.867#2612.124
924,бы,бы,"PART
",_,_,_,_,_,@vvp1934m-words#@vvp1934m#2612.124#2612.381
925,делал,делать,VERB,_,Aspect=Imp|Gender=Masc|Mood=Ind|Number=Sing|Tense=Past|VerbForm=Fin|Voice=Act,_,_,_,@vvp1934m-words#@vvp1934m#2612.381#2612.64
926,то,то,SCONJ,_,_,_,_,_,@vvp1934m-words#@vvp1934m#2613.17#2613.501
927,вы,вы,PRON,_,Case=Nom|Number=Plur|Person=2,_,_,_,@vvp1934m-words#@vvp1934m#2613.501#2613.832
928,можете,мочь,VERB,_,Aspect=Imp|Mood=Ind|Number=Plur|Person=2|Tense=Pres|VerbForm=Fin|Voice=Act,_,_,_,@vvp1934m-words#@vvp1934m#2613.832#2614.163
929,быть,быть,AUX,_,Aspect=Imp|VerbForm=Inf|Voice=Act,_,_,_,@vvp1934m-words#@vvp1934m#2614.163#2614.494
930,совершенно,совершенно,ADV,_,Degree=Pos,_,_,_,@vvp1934m-words#@vvp1934m#2614.494#2614.825
931,спокойны,спокойный,ADJ,_,Degree=Pos|Number=Plur|Variant=Short,_,_,_,@vvp1934m-words#@vvp1934m#2614.825#2615.16
932,что,что,SCONJ,_,_,_,_,_,@vvp1934m-words#@vvp1934m#2615.65#2616.016
933,о,о,ADP,_,_,_,_,_,@vvp1934m-words#@vvp1934m#2616.016#2616.382
934,ГУЛАГе,"ГУЛАГ
",PROPN,_,Animacy=Inan|Case=Loc|Gender=Fem|Number=Sing,_,_,_,@vvp1934m-words#@vvp1934m#2616.382#2616.75
935,и,и,CCONJ,_,_,_,_,_,@vvp1934m-words#@vvp1934m#2617.37#2617.583
936,о,о,ADP,_,_,_,_,_,@vvp1934m-words#@vvp1934m#2617.583#2617.796
937,том,то,PRON,_,Case=Loc|Gender=Neut|Number=Sing,_,_,_,@vvp1934m-words#@vvp1934m#2617.796#2618.009
938,/,/,PUNCT,_,_,_,_,_,@vvp1934m-words#@vvp1934m#2618.009#2618.222
939,что,что,PRON,_,Case=Nom,_,_,_,@vvp1934m-words#@vvp1934m#2618.222#2618.435
940,творилось,твориться,VERB,_,Aspect=Imp|Gender=Neut|Mood=Ind|Number=Sing|Tense=Past|VerbForm=Fin|Voice=Mid,_,_,_,@vvp1934m-words#@vvp1934m#2618.435#2618.65
941,я,я,PRON,_,Case=Nom|Number=Sing|Person=1,_,_,_,@vvp1934m-words#@vvp1934m#2619.17#2619.508
942,бы,бы,PART,_,_,_,_,_,@vvp1934m-words#@vvp1934m#2619.508#2619.846
943,сделал,сделать,VERB,_,Aspect=Perf|Gender=Masc|Mood=Ind|Number=Sing|Tense=Past|VerbForm=Fin|Voice=Act,_,_,_,@vvp1934m-words#@vvp1934m#2619.846#2620.184
944,очень,очень,ADV,_,_,_,_,_,@vvp1934m-words#@vvp1934m#2620.184#2620.522
945,даже,даже,PART,_,_,_,_,_,@vvp1934m-words#@vvp1934m#2620.522#2620.86
946,подробно,подробно,ADV,_,Degree=Pos,_,_,_,@vvp1934m-words#@vvp1934m#2620.86#2621.2
